SYMBOL,SERIES,OPEN,HIGH,LOW,CLOSE,LAST,PREVCLOSE,TOTTRDQTY,TOTTRDVAL,TIMESTAMP,TOTALTRADES,ISIN
ALPHAINFRA,EQ,118.94,120.29,118.21,119.56,119.56,120.11,459025,54786163.83,01-JAN-2024,2557,INE37018701011
ALPHAINFRA,EQ,119.5,119.81,118.67,118.98,118.98,119.56,232552,27709345.97,02-JAN-2024,1298,INE37018701011
ALPHAINFRA,EQ,119.51,121.77,118.41,120.66,120.66,118.98,162320,19523849.6,03-JAN-2024,908,INE37018701011
ALPHAINFRA,EQ,122.52,124.4,120.27,122.14,122.14,120.66,134439,16437856.53,04-JAN-2024,753,INE37018701011
ALPHAINFRA,EQ,119.71,123.23,116.26,119.78,119.78,122.14,522137,62529386.66,05-JAN-2024,2907,INE37018701011
ALPHAINFRA,EQ,120.9,124.26,118.26,121.61,121.61,119.78,675695,82013606.78,08-JAN-2024,3760,INE37018701011
ALPHAINFRA,EQ,118.94,122.17,115.88,119.1,119.1,121.61,346725,41277611.25,09-JAN-2024,1933,INE37018701011
ALPHAINFRA,EQ,120.19,121.95,117.67,119.43,119.43,119.1,115533,13827374.55,10-JAN-2024,648,INE37018701011
ALPHAINFRA,EQ,117.02,119.44,114.82,117.23,117.23,119.43,244919,28695526.44,11-JAN-2024,1367,INE37018701011
ALPHAINFRA,EQ,116.06,116.48,115.69,116.11,116.11,117.23,541571,62872782.63,12-JAN-2024,3015,INE37018701011
ALPHAINFRA,EQ,115.22,116.73,112.76,114.26,114.26,116.11,230662,26430020.83,15-JAN-2024,1288,INE37018701011
ALPHAINFRA,EQ,113.93,115.0,112.63,113.7,113.7,114.26,629554,71628555.61,16-JAN-2024,3504,INE37018701011
ALPHAINFRA,EQ,113.27,114.13,112.64,113.5,113.5,113.7,205760,23337985.07,17-JAN-2024,1150,INE37018701011
ALPHAINFRA,EQ,110.57,112.54,108.85,110.81,110.81,113.5,454826,50364399.07,18-JAN-2024,2533,INE37018701011
ALPHAINFRA,EQ,111.42,112.36,110.32,111.26,111.26,110.81,459275,51123431.17,19-JAN-2024,2558,INE37018701011
ALPHAINFRA,EQ,109.07,111.2,107.03,109.16,109.16,111.26,306315,33428155.95,22-JAN-2024,1708,INE37018701011
ALPHAINFRA,EQ,108.97,109.92,107.99,108.94,108.94,109.16,164044,17872593.8,23-JAN-2024,918,INE37018701011
ALPHAINFRA,EQ,110.71,113.14,108.8,111.23,111.23,108.94,134582,14946228.31,24-JAN-2024,754,INE37018701011
ALPHAINFRA,EQ,112.77,113.17,112.33,112.73,112.73,111.23,93091,10495389.64,25-JAN-2024,524,INE37018701011
ALPHAINFRA,EQ,117.34,118.79,115.29,116.74,116.74,112.73,386313,45175442.22,26-JAN-2024,2153,INE37018701011
ALPHAINFRA,EQ,116.31,118.0,113.79,115.47,115.47,116.74,279939,32403872.38,29-JAN-2024,1562,INE37018701011
ALPHAINFRA,EQ,115.39,117.22,113.85,115.67,115.67,115.47,271063,31329461.54,30-JAN-2024,1512,INE37018701011
ALPHAINFRA,EQ,118.36,119.86,117.57,119.06,119.06,115.67,186692,22184610.36,31-JAN-2024,1044,INE37018701011
ALPHAINFRA,EQ,115.21,115.94,113.94,114.67,114.67,119.06,150930,17334310.5,01-FEB-2024,845,INE37018701011
ALPHAINFRA,EQ,115.26,117.35,113.64,115.73,115.73,114.67,96784,11185649.49,02-FEB-2024,544,INE37018701011
ALPHAINFRA,EQ,111.97,115.54,109.5,113.04,113.04,115.73,754259,84999960.91,05-FEB-2024,4197,INE37018701011
ALPHAINFRA,EQ,115.04,117.16,112.61,114.72,114.72,113.04,250724,28790636.92,06-FEB-2024,1399,INE37018701011
ALPHAINFRA,EQ,111.47,112.38,111.01,111.92,111.92,114.72,116892,13065018.84,07-FEB-2024,656,INE37018701011
ALPHAINFRA,EQ,111.86,112.1,111.63,111.87,111.87,111.92,131801,14744138.53,08-FEB-2024,739,INE37018701011
ALPHAINFRA,EQ,111.58,112.58,111.23,112.24,112.24,111.87,120622,13511674.37,09-FEB-2024,677,INE37018701011
ALPHAINFRA,EQ,113.42,114.14,113.12,113.85,113.85,112.24,245636,27929631.99,12-FEB-2024,1371,INE37018701011
ALPHAINFRA,EQ,116.26,116.77,115.61,116.12,116.12,113.85,487031,56576767.83,13-FEB-2024,2712,INE37018701011
ALPHAINFRA,EQ,114.53,114.83,113.86,114.16,114.16,116.12,268656,30702903.2,14-FEB-2024,1499,INE37018701011
ALPHAINFRA,EQ,110.58,111.37,110.22,111.01,111.01,114.16,288383,31972061.93,15-FEB-2024,1609,INE37018701011
ALPHAINFRA,EQ,110.86,111.42,110.01,110.57,110.57,111.01,392410,43426706.67,16-FEB-2024,2187,INE37018701011
ALPHAINFRA,EQ,109.25,109.83,108.49,109.08,109.08,110.57,307425,33550315.0,19-FEB-2024,1714,INE37018701011
ALPHAINFRA,EQ,110.21,110.82,108.85,109.45,109.45,109.08,117577,12898980.75,20-FEB-2024,660,INE37018701011
ALPHAINFRA,EQ,112.05,114.19,110.02,112.15,112.15,109.45,542302,60802900.24,21-FEB-2024,3019,INE37018701011
ALPHAINFRA,EQ,113.34,114.57,112.01,113.23,113.23,112.15,375667,42551801.09,22-FEB-2024,2094,INE37018701011
ALPHAINFRA,EQ,113.79,114.08,113.26,113.55,113.55,113.23,638791,72585821.33,23-FEB-2024,3555,INE37018701011
ALPHAINFRA,EQ,111.86,114.03,110.1,112.26,112.26,113.55,327497,36722238.61,26-FEB-2024,1826,INE37018701011
ALPHAINFRA,EQ,112.72,115.34,110.51,113.11,113.11,112.26,134745,15224388.4,27-FEB-2024,755,INE37018701011
ALPHAINFRA,EQ,114.26,115.64,113.33,114.7,114.7,113.11,220726,25285634.81,28-FEB-2024,1233,INE37018701011
ALPHAINFRA,EQ,111.54,112.19,110.96,111.61,111.61,114.7,350989,39165692.55,29-FEB-2024,1956,INE37018701011
ALPHAINFRA,EQ,114.48,115.46,112.69,113.66,113.66,111.61,223929,25513723.83,01-MAR-2024,1251,INE37018701011
ALPHAINFRA,EQ,113.86,114.93,112.42,113.49,113.49,113.66,796154,90453709.79,04-MAR-2024,4430,INE37018701011
ALPHAINFRA,EQ,111.09,113.28,109.18,111.36,111.36,113.49,350607,39013209.58,05-MAR-2024,1954,INE37018701011
ALPHAINFRA,EQ,106.75,108.94,105.48,107.66,107.66,111.36,346376,37186927.36,06-MAR-2024,1931,INE37018701011
ALPHAINFRA,EQ,108.74,109.71,108.08,109.05,109.05,107.66,282702,30799440.56,07-MAR-2024,1577,INE37018701011
ALPHAINFRA,EQ,108.91,110.29,108.15,109.53,109.53,109.05,301264,32935184.69,08-MAR-2024,1680,INE37018701011
ALPHAINFRA,EQ,109.81,111.57,108.05,109.82,109.82,109.53,156994,17240034.45,11-MAR-2024,879,INE37018701011
ALPHAINFRA,EQ,108.21,108.66,107.68,108.12,108.12,109.82,174349,18856425.51,12-MAR-2024,975,INE37018701011
ALPHAINFRA,EQ,106.71,108.55,105.95,107.79,107.79,108.12,307397,33023659.71,13-MAR-2024,1714,INE37018701011
ALPHAINFRA,EQ,107.69,109.98,104.63,106.9,106.9,107.79,300101,32161824.17,14-MAR-2024,1674,INE37018701011
ALPHAINFRA,EQ,109.75,110.42,108.88,109.55,109.55,106.9,112597,12342507.82,15-MAR-2024,632,INE37018701011
ALPHAINFRA,EQ,108.59,109.87,107.86,109.14,109.14,109.55,296858,32344658.15,18-MAR-2024,1656,INE37018701011
ALPHAINFRA,EQ,110.93,111.75,110.38,111.2,111.2,109.14,533737,59303518.07,19-MAR-2024,2972,INE37018701011
ALPHAINFRA,EQ,111.38,112.06,110.4,111.08,111.08,111.2,63569,7067601.42,20-MAR-2024,360,INE37018701011
ALPHAINFRA,EQ,111.01,111.59,110.22,110.81,110.81,111.08,643163,71309625.69,21-MAR-2024,3580,INE37018701011
ALPHAINFRA,EQ,109.97,110.8,109.23,110.07,110.07,110.81,187246,20603301.53,22-MAR-2024,1047,INE37018701011
ALPHAINFRA,EQ,108.91,110.46,107.93,109.49,109.49,110.07,337099,36842673.37,25-MAR-2024,1879,INE37018701011
ALPHAINFRA,EQ,112.01,112.9,111.56,112.46,112.46,109.49,245663,27589592.65,26-MAR-2024,1371,INE37018701011
ALPHAINFRA,EQ,113.71,116.21,111.61,114.1,114.1,112.46,424200,48347488.0,27-MAR-2024,2363,INE37018701011
ALPHAINFRA,EQ,114.68,116.71,112.52,114.55,114.55,114.1,80811,9260401.86,28-MAR-2024,455,INE37018701011
ALPHAINFRA,EQ,115.21,117.06,113.7,115.55,115.55,114.55,95156,10984491.45,29-MAR-2024,535,INE37018701011
ALPHAINFRA,EQ,115.81,116.76,115.27,116.22,116.22,115.55,270942,31451850.5,01-APR-2024,1512,INE37018701011
ALPHAINFRA,EQ,116.77,117.77,115.56,116.56,116.56,116.22,421598,49170974.74,02-APR-2024,2349,INE37018701011
ALPHAINFRA,EQ,118.15,119.0,117.35,118.2,118.2,116.56,266785,31529540.58,03-APR-2024,1489,INE37018701011
ALPHAINFRA,EQ,117.96,118.61,117.25,117.9,117.9,118.2,238395,28111538.4,04-APR-2024,1331,INE37018701011
ALPHAINFRA,EQ,120.5,121.16,119.45,120.11,120.11,117.9,323070,38845936.8,05-APR-2024,1801,INE37018701011
ALPHAINFRA,EQ,118.96,119.57,118.64,119.25,119.25,120.11,383435,45687558.37,08-APR-2024,2137,INE37018701011
ALPHAINFRA,EQ,122.2,123.37,120.82,121.99,121.99,119.25,147586,18014347.16,09-APR-2024,826,INE37018701011
ALPHAINFRA,EQ,123.9,127.02,120.83,123.94,123.94,121.99,1422857,176334668.01,10-APR-2024,7911,INE37018701011
ALPHAINFRA,EQ,120.27,121.1,119.31,120.14,120.14,123.94,244814,29422562.57,11-APR-2024,1367,INE37018701011
ALPHAINFRA,EQ,117.61,117.99,117.26,117.64,117.64,120.14,119204,14021966.52,12-APR-2024,669,INE37018701011
ALPHAINFRA,EQ,121.25,122.52,119.79,121.07,121.07,117.64,160890,19488069.4,15-APR-2024,900,INE37018701011
ALPHAINFRA,EQ,123.73,124.0,122.97,123.24,123.24,121.07,116706,14401909.42,16-APR-2024,655,INE37018701011
ALPHAINFRA,EQ,121.47,125.59,117.04,121.16,121.16,123.24,335250,40653532.5,17-APR-2024,1869,INE37018701011
ALPHAINFRA,EQ,123.48,124.44,122.39,123.35,123.35,121.16,176276,21751283.23,18-APR-2024,986,INE37018701011
ALPHAINFRA,EQ,124.59,124.99,123.67,124.08,124.08,123.35,185736,23077078.88,19-APR-2024,1038,INE37018701011
ALPHAINFRA,EQ,123.36,125.64,121.43,123.71,123.71,124.08,478425,59130140.5,22-APR-2024,2664,INE37018701011
ALPHAINFRA,EQ,123.15,124.02,122.3,123.17,123.17,123.71,304606,37516290.31,23-APR-2024,1699,INE37018701011
ALPHAINFRA,EQ,123.36,124.19,122.94,123.77,123.77,123.17,142322,17595743.27,24-APR-2024,797,INE37018701011
ALPHAINFRA,EQ,120.7,121.9,120.01,121.21,121.21,123.77,421054,50964376.16,25-APR-2024,2346,INE37018701011
ALPHAINFRA,EQ,119.69,122.31,117.73,120.34,120.34,121.21,146849,17640480.87,26-APR-2024,822,INE37018701011
ALPHAINFRA,EQ,119.69,121.29,118.41,120.01,120.01,120.34,126575,15176764.42,29-APR-2024,710,INE37018701011
ALPHAINFRA,EQ,120.37,120.71,119.57,119.92,119.92,120.01,176829,21231268.6,30-APR-2024,989,INE37018701011
ALPHAINFRA,EQ,118.45,119.4,118.09,119.04,119.04,119.92,216354,25712230.54,01-MAY-2024,1208,INE37018701011
ALPHAINFRA,EQ,116.62,117.05,115.62,116.04,116.04,119.04,263340,30609763.8,02-MAY-2024,1470,INE37018701011
ALPHAINFRA,EQ,114.97,115.98,114.2,115.21,115.21,116.04,157570,18141034.1,03-MAY-2024,882,INE37018701011
ALPHAINFRA,EQ,116.39,117.44,114.53,115.57,115.57,115.21,373420,43259462.27,06-MAY-2024,2081,INE37018701011
ALPHAINFRA,EQ,113.4,115.39,112.55,114.52,114.52,115.57,267556,30542409.25,07-MAY-2024,1493,INE37018701011
ALPHAINFRA,EQ,114.31,115.59,113.51,114.78,114.78,114.52,296981,34041942.09,08-MAY-2024,1656,INE37018701011
ALPHAINFRA,EQ,112.54,114.78,109.89,112.11,112.11,114.78,55419,6221336.94,09-MAY-2024,314,INE37018701011
ALPHAINFRA,EQ,110.83,111.69,110.24,111.1,111.1,112.11,675889,75030437.89,10-MAY-2024,3761,INE37018701011
ALPHAINFRA,EQ,110.75,113.32,107.82,110.39,110.39,111.1,240187,26543065.37,13-MAY-2024,1341,INE37018701011
ALPHAINFRA,EQ,110.18,110.76,109.48,110.06,110.06,110.39,138567,15256226.7,14-MAY-2024,776,INE37018701011
ALPHAINFRA,EQ,110.41,111.72,109.58,110.88,110.88,110.06,220885,24457859.77,15-MAY-2024,1234,INE37018701011
ALPHAINFRA,EQ,113.37,113.8,112.42,112.84,112.84,110.88,141984,16047031.68,16-MAY-2024,795,INE37018701011
ALPHAINFRA,EQ,113.38,116.93,110.49,114.03,114.03,112.84,189501,21568372.15,17-MAY-2024,1059,INE37018701011
ALPHAINFRA,EQ,111.87,114.73,109.65,112.5,112.5,114.03,227626,25560882.29,20-MAY-2024,1271,INE37018701011
ALPHAINFRA,EQ,113.91,114.77,113.47,114.32,114.32,112.5,237565,27126755.47,21-MAY-2024,1326,INE37018701011
ALPHAINFRA,EQ,114.89,116.44,114.07,115.62,115.62,114.32,548179,63247065.76,22-MAY-2024,3052,INE37018701011
ALPHAINFRA,EQ,113.73,114.8,112.9,113.96,113.96,115.62,199628,22734967.49,23-MAY-2024,1116,INE37018701011
ALPHAINFRA,EQ,115.54,116.61,114.28,115.36,115.36,113.96,115198,13295769.17,24-MAY-2024,646,INE37018701011
ALPHAINFRA,EQ,115.27,117.5,112.62,114.85,114.85,115.36,180988,20811810.12,27-MAY-2024,1012,INE37018701011
ALPHAINFRA,EQ,115.35,116.65,114.66,115.95,115.95,114.85,127532,14762254.11,28-MAY-2024,715,INE37018701011
ALPHAINFRA,EQ,114.02,115.24,113.69,114.9,114.9,115.95,233696,26783898.56,29-MAY-2024,1305,INE37018701011
ALPHAINFRA,EQ,118.13,119.19,116.83,117.89,117.89,114.9,167773,19792180.81,30-MAY-2024,939,INE37018701011
ALPHAINFRA,EQ,118.32,119.82,117.48,118.97,118.97,117.89,142212,16888623.08,31-MAY-2024,797,INE37018701011
ALPHAINFRA,EQ,120.37,120.92,120.06,120.61,120.61,118.97,176526,21276678.78,03-JUN-2024,987,INE37018701011
ALPHAINFRA,EQ,120.97,121.92,120.14,121.1,121.1,120.61,243993,29536165.96,04-JUN-2024,1362,INE37018701011
ALPHAINFRA,EQ,121.05,121.62,120.73,121.3,121.3,121.1,103612,12559501.27,05-JUN-2024,582,INE37018701011
ALPHAINFRA,EQ,119.94,122.36,118.13,120.54,120.54,121.3,194412,23396188.12,06-JUN-2024,1087,INE37018701011
ALPHAINFRA,EQ,121.75,122.58,120.37,121.19,121.19,120.54,197029,23915380.02,07-JUN-2024,1101,INE37018701011
ALPHAINFRA,EQ,117.26,119.06,115.57,117.38,117.38,121.19,230787,27079777.29,10-JUN-2024,1289,INE37018701011
ALPHAINFRA,EQ,119.02,119.8,118.36,119.13,119.13,117.38,357928,42628031.71,11-JUN-2024,1995,INE37018701011
ALPHAINFRA,EQ,117.88,121.28,114.2,117.59,117.59,119.13,453973,53428082.37,12-JUN-2024,2529,INE37018701011
ALPHAINFRA,EQ,119.3,119.91,118.98,119.59,119.59,117.59,287178,34315856.48,13-JUN-2024,1602,INE37018701011
ALPHAINFRA,EQ,123.94,124.51,123.01,123.58,123.58,119.59,177911,22007590.7,14-JUN-2024,995,INE37018701011
ALPHAINFRA,EQ,123.76,124.45,122.84,123.53,123.53,123.58,238110,29431983.4,17-JUN-2024,1329,INE37018701011
ALPHAINFRA,EQ,125.86,126.33,124.34,124.8,124.8,123.53,410529,51380441.21,18-JUN-2024,2287,INE37018701011
ALPHAINFRA,EQ,123.67,126.85,121.4,124.56,124.56,124.8,164471,20438811.17,19-JUN-2024,920,INE37018701011
ALPHAINFRA,EQ,127.6,128.9,126.33,127.63,127.63,124.56,78635,10035398.7,20-JUN-2024,443,INE37018701011
ALPHAINFRA,EQ,124.33,126.41,123.08,125.16,125.16,127.63,222540,27791537.0,21-JUN-2024,1243,INE37018701011
ALPHAINFRA,EQ,127.74,128.24,126.16,126.66,126.66,125.16,344086,43705803.72,24-JUN-2024,1918,INE37018701011
ALPHAINFRA,EQ,128.34,130.57,125.46,127.68,127.68,126.66,429124,54886390.01,25-JUN-2024,2391,INE37018701011
ALPHAINFRA,EQ,129.79,130.48,129.24,129.92,129.92,127.68,114829,14913990.52,26-JUN-2024,644,INE37018701011
ALPHAINFRA,EQ,128.15,130.4,125.64,127.89,127.89,129.92,133606,17098450.53,27-JUN-2024,749,INE37018701011
ALPHAINFRA,EQ,128.67,128.94,127.51,127.78,127.78,127.89,217286,27829266.59,28-JUN-2024,1214,INE37018701011
ALPHAINFRA,EQ,125.16,126.29,124.21,125.35,125.35,127.78,519389,65070785.22,01-JUL-2024,2892,INE37018701011
ALPHAINFRA,EQ,124.87,125.28,124.05,124.45,124.45,125.35,122544,15268165.44,02-JUL-2024,687,INE37018701011
ALPHAINFRA,EQ,123.89,125.28,122.37,123.75,123.75,124.45,153285,18976683.0,03-JUL-2024,858,INE37018701011
ALPHAINFRA,EQ,121.4,124.78,119.07,122.43,122.43,123.75,243341,29710313.83,04-JUL-2024,1358,INE37018701011
ALPHAINFRA,EQ,122.26,123.1,121.92,122.75,122.75,122.43,418472,51300482.48,05-JUL-2024,2331,INE37018701011
ALPHAINFRA,EQ,122.87,126.8,120.07,123.97,123.97,122.75,248972,30776258.83,08-JUL-2024,1390,INE37018701011
ALPHAINFRA,EQ,123.69,125.3,122.32,123.93,123.93,123.97,274613,34010820.05,09-JUL-2024,1532,INE37018701011
ALPHAINFRA,EQ,123.56,124.16,123.11,123.71,123.71,123.93,199570,24678826.2,10-JUL-2024,1115,INE37018701011
ALPHAINFRA,EQ,122.07,124.71,120.09,122.72,122.72,123.71,121126,14838742.51,11-JUL-2024,679,INE37018701011
ALPHAINFRA,EQ,119.8,121.1,118.71,120.01,120.01,122.72,595266,71396204.04,12-JUL-2024,3314,INE37018701011
ALPHAINFRA,EQ,117.47,118.49,116.62,117.63,117.63,120.01,136050,15996759.0,15-JUL-2024,762,INE37018701011
ALPHAINFRA,EQ,114.26,114.6,113.92,114.25,114.25,117.63,423792,48421061.28,16-JUL-2024,2361,INE37018701011
ALPHAINFRA,EQ,114.66,116.16,113.35,114.85,114.85,114.25,608802,69882352.24,17-JUL-2024,3389,INE37018701011
ALPHAINFRA,EQ,115.05,116.68,114.37,116.0,116.0,114.85,92329,10680926.48,18-JUL-2024,519,INE37018701011
ALPHAINFRA,EQ,115.18,115.89,114.53,115.24,115.24,116.0,192733,22206696.26,19-JUL-2024,1077,INE37018701011
ALPHAINFRA,EQ,114.73,117.02,112.39,114.68,114.68,115.24,210487,24142157.28,22-JUL-2024,1176,INE37018701011
ALPHAINFRA,EQ,115.81,116.96,114.56,115.71,115.71,114.68,115057,13317080.7,23-JUL-2024,646,INE37018701011
ALPHAINFRA,EQ,113.85,114.63,113.3,114.09,114.09,115.71,152318,17365267.45,24-JUL-2024,853,INE37018701011
ALPHAINFRA,EQ,112.6,113.26,112.17,112.82,112.82,114.09,285430,32182232.5,25-JUL-2024,1592,INE37018701011
ALPHAINFRA,EQ,107.35,109.23,105.42,107.3,107.3,112.82,147580,15837793.67,26-JUL-2024,826,INE37018701011
ALPHAINFRA,EQ,106.95,108.59,105.7,107.33,107.33,107.3,72810,7805717.4,29-JUL-2024,411,INE37018701011
ALPHAINFRA,EQ,103.17,103.91,102.62,103.36,103.36,107.33,219405,22663805.15,30-JUL-2024,1225,INE37018701011
ALPHAINFRA,EQ,106.21,107.09,105.44,106.32,106.32,103.36,289923,30813982.85,31-JUL-2024,1617,INE37018701011
ALPHAINFRA,EQ,108.29,109.94,106.52,108.17,108.17,106.32,152049,16453222.29,01-AUG-2024,851,INE37018701011
ALPHAINFRA,EQ,106.94,109.07,105.41,107.54,107.54,108.17,124455,13358999.7,02-AUG-2024,698,INE37018701011
ALPHAINFRA,EQ,108.76,110.04,107.38,108.66,108.66,107.54,384214,41761500.37,05-AUG-2024,2141,INE37018701011
ALPHAINFRA,EQ,109.05,110.74,106.73,108.41,108.41,108.66,216961,23567750.23,06-AUG-2024,1212,INE37018701011
ALPHAINFRA,EQ,107.1,107.63,106.34,106.87,106.87,108.41,578089,61824691.59,07-AUG-2024,3218,INE37018701011
ALPHAINFRA,EQ,111.42,113.54,108.61,110.73,110.73,106.87,144806,16067673.76,08-AUG-2024,811,INE37018701011
ALPHAINFRA,EQ,109.45,110.78,108.21,109.54,109.54,110.73,410520,44956045.2,09-AUG-2024,2287,INE37018701011
ALPHAINFRA,EQ,107.8,109.16,107.25,108.6,108.6,109.54,275707,29869177.36,12-AUG-2024,1538,INE37018701011
ALPHAINFRA,EQ,110.1,111.53,108.73,110.16,110.16,108.6,295426,32538219.64,13-AUG-2024,1648,INE37018701011
ALPHAINFRA,EQ,110.86,112.0,110.21,111.35,111.35,110.16,224184,24926271.68,14-AUG-2024,1252,INE37018701011
ALPHAINFRA,EQ,111.95,114.76,109.13,111.94,111.94,111.35,552420,61839736.2,15-AUG-2024,3076,INE37018701011
ALPHAINFRA,EQ,109.89,111.05,108.72,109.88,109.88,111.94,174339,19156950.45,16-AUG-2024,975,INE37018701011
ALPHAINFRA,EQ,110.01,110.98,109.14,110.11,110.11,109.88,212633,23405931.86,19-AUG-2024,1188,INE37018701011
ALPHAINFRA,EQ,108.57,110.46,106.55,108.44,108.44,110.11,404233,43852543.28,20-AUG-2024,2252,INE37018701011
ALPHAINFRA,EQ,107.03,107.9,106.73,107.61,107.61,108.44,322626,34654334.08,21-AUG-2024,1799,INE37018701011
ALPHAINFRA,EQ,105.9,106.52,105.59,106.21,106.21,107.61,578796,61414114.24,22-AUG-2024,3222,INE37018701011
ALPHAINFRA,EQ,106.76,107.26,106.45,106.95,106.95,106.21,110744,11837057.01,23-AUG-2024,622,INE37018701011
ALPHAINFRA,EQ,105.97,107.27,104.59,105.88,105.88,106.95,200839,21271527.95,26-AUG-2024,1122,INE37018701011
ALPHAINFRA,EQ,103.08,104.72,101.23,102.87,102.87,105.88,465515,47920114.1,27-AUG-2024,2593,INE37018701011
ALPHAINFRA,EQ,103.2,104.39,102.17,103.35,103.35,102.87,90912,9391512.64,28-AUG-2024,512,INE37018701011
ALPHAINFRA,EQ,103.6,105.52,102.19,104.1,104.1,103.35,309977,32217976.12,29-AUG-2024,1729,INE37018701011
ALPHAINFRA,EQ,102.82,104.88,100.93,102.99,102.99,104.1,351265,36156877.33,30-AUG-2024,1958,INE37018701011
ALPHAINFRA,EQ,103.94,105.07,103.03,104.16,104.16,102.99,247343,25745108.39,02-SEP-2024,1381,INE37018701011
ALPHAINFRA,EQ,106.25,106.5,105.46,105.71,105.71,104.16,332805,35240721.45,03-SEP-2024,1855,INE37018701011
ALPHAINFRA,EQ,104.98,105.45,104.35,104.83,104.83,105.71,243761,25564841.14,04-SEP-2024,1361,INE37018701011
ALPHAINFRA,EQ,106.05,107.31,104.89,106.15,106.15,104.83,159215,16895365.08,05-SEP-2024,891,INE37018701011
ALPHAINFRA,EQ,104.6,105.46,103.96,104.83,104.83,106.15,195107,20437458.25,06-SEP-2024,1090,INE37018701011
ALPHAINFRA,EQ,101.82,102.82,100.74,101.74,101.74,104.83,229678,23373564.47,09-SEP-2024,1282,INE37018701011
ALPHAINFRA,EQ,102.14,104.87,99.86,102.57,102.57,101.74,338172,34640085.2,10-SEP-2024,1885,INE37018701011
ALPHAINFRA,EQ,100.97,103.16,98.65,100.84,100.84,102.57,451458,45544587.9,11-SEP-2024,2515,INE37018701011
ALPHAINFRA,EQ,104.14,105.76,102.11,103.73,103.73,100.84,105202,10926981.07,12-SEP-2024,591,INE37018701011
ALPHAINFRA,EQ,101.01,101.42,100.8,101.21,101.21,103.73,192648,19485060.88,13-SEP-2024,1077,INE37018701011
ALPHAINFRA,EQ,102.71,103.9,101.29,102.48,102.48,101.21,94223,9663196.8,16-SEP-2024,530,INE37018701011
ALPHAINFRA,EQ,104.73,106.64,103.12,105.04,105.04,102.48,144531,15166119.6,17-SEP-2024,809,INE37018701011
ALPHAINFRA,EQ,105.55,107.72,103.43,105.61,105.61,105.04,234212,24729664.37,18-SEP-2024,1308,INE37018701011
ALPHAINFRA,EQ,106.72,107.37,106.2,106.85,106.85,105.61,159181,17001592.01,19-SEP-2024,891,INE37018701011
ALPHAINFRA,EQ,107.31,108.94,105.87,107.5,107.5,106.85,212870,22870043.23,20-SEP-2024,1189,INE37018701011
ALPHAINFRA,EQ,107.56,108.07,106.24,106.75,106.75,107.5,129988,13911315.76,23-SEP-2024,729,INE37018701011
ALPHAINFRA,EQ,105.15,106.55,103.24,104.64,104.64,106.75,240238,25179344.78,24-SEP-2024,1341,INE37018701011
ALPHAINFRA,EQ,104.15,106.01,102.09,103.94,103.94,104.64,178098,18524566.64,25-SEP-2024,996,INE37018701011
ALPHAINFRA,EQ,101.07,102.65,100.01,101.59,101.59,103.94,281948,28594226.33,26-SEP-2024,1573,INE37018701011
ALPHAINFRA,EQ,100.44,101.29,99.43,100.29,100.29,101.59,549087,55093559.29,27-SEP-2024,3057,INE37018701011
ALPHAINFRA,EQ,101.01,103.26,98.92,101.17,101.17,100.29,254742,25758661.9,30-SEP-2024,1422,INE37018701011
ALPHAINFRA,EQ,100.83,101.96,99.59,100.72,100.72,101.17,286672,28884115.15,01-OCT-2024,1599,INE37018701011
ALPHAINFRA,EQ,97.95,98.77,97.12,97.94,97.94,100.72,130839,12814807.79,02-OCT-2024,733,INE37018701011
ALPHAINFRA,EQ,94.23,94.84,93.19,93.79,93.79,97.94,256119,24059818.86,03-OCT-2024,1429,INE37018701011
ALPHAINFRA,EQ,95.76,96.78,94.7,95.72,95.72,93.79,153794,14723212.27,04-OCT-2024,861,INE37018701011
ALPHAINFRA,EQ,95.35,95.56,95.07,95.27,95.27,95.72,1006615,95930409.5,07-OCT-2024,5599,INE37018701011
ALPHAINFRA,EQ,96.19,96.9,95.6,96.31,96.31,95.27,287841,27710453.07,08-OCT-2024,1606,INE37018701011
ALPHAINFRA,EQ,94.36,95.83,93.1,94.57,94.57,96.31,257687,24351421.5,09-OCT-2024,1438,INE37018701011
ALPHAINFRA,EQ,92.99,94.1,91.08,92.18,92.18,94.57,301974,27918502.88,10-OCT-2024,1684,INE37018701011
ALPHAINFRA,EQ,91.67,93.32,89.79,91.44,91.44,92.18,260437,23834326.12,11-OCT-2024,1453,INE37018701011
ALPHAINFRA,EQ,92.38,93.85,91.06,92.53,92.53,91.44,239392,22138972.16,14-OCT-2024,1336,INE37018701011
ALPHAINFRA,EQ,90.97,93.65,88.77,91.43,91.43,92.53,291340,26594486.33,15-OCT-2024,1625,INE37018701011
ALPHAINFRA,EQ,89.6,89.79,89.3,89.5,89.5,91.43,124660,11160809.8,16-OCT-2024,699,INE37018701011
ALPHAINFRA,EQ,85.14,86.17,84.45,85.49,85.49,89.5,345402,29486968.74,17-OCT-2024,1925,INE37018701011
ALPHAINFRA,EQ,83.57,84.79,82.16,83.38,83.38,85.49,190517,15897373.54,18-OCT-2024,1065,INE37018701011
ALPHAINFRA,EQ,85.07,85.52,84.22,84.67,84.67,83.38,602762,51116226.81,21-OCT-2024,3355,INE37018701011
ALPHAINFRA,EQ,83.74,84.15,82.88,83.28,83.28,84.67,274990,22944248.97,22-OCT-2024,1534,INE37018701011
ALPHAINFRA,EQ,82.5,82.68,82.3,82.48,82.48,83.28,150503,12414490.79,23-OCT-2024,843,INE37018701011
ALPHAINFRA,EQ,82.46,83.74,81.56,82.85,82.85,82.48,170781,14126435.05,24-OCT-2024,955,INE37018701011
ALPHAINFRA,EQ,82.52,84.8,80.89,83.16,83.16,82.85,116123,9632402.85,25-OCT-2024,652,INE37018701011
ALPHAINFRA,EQ,83.03,83.9,82.09,82.96,82.96,83.16,244703,20306270.62,28-OCT-2024,1366,INE37018701011
ALPHAINFRA,EQ,85.72,86.42,85.24,85.94,85.94,82.96,114506,9832248.53,29-OCT-2024,643,INE37018701011
ALPHAINFRA,EQ,87.9,88.32,87.37,87.79,87.79,85.94,279811,24574867.43,30-OCT-2024,1561,INE37018701011
ALPHAINFRA,EQ,87.55,88.14,86.93,87.52,87.52,87.79,380121,33271991.13,31-OCT-2024,2118,INE37018701011
ALPHAINFRA,EQ,86.98,87.78,86.02,86.81,86.81,87.52,471802,40985439.74,01-NOV-2024,2628,INE37018701011
ALPHAINFRA,EQ,87.3,87.6,86.88,87.19,87.19,86.81,193822,16905800.91,04-NOV-2024,1083,INE37018701011
ALPHAINFRA,EQ,87.95,88.61,87.2,87.86,87.86,87.19,353364,31057161.96,05-NOV-2024,1970,INE37018701011
ALPHAINFRA,EQ,85.62,86.98,84.51,85.88,85.88,87.86,173451,14880361.29,06-NOV-2024,970,INE37018701011
ALPHAINFRA,EQ,82.39,83.14,82.05,82.8,82.8,85.88,219868,18175021.77,07-NOV-2024,1228,INE37018701011
ALPHAINFRA,EQ,80.62,81.19,80.16,80.73,80.73,82.8,358192,28903706.45,08-NOV-2024,1996,INE37018701011
ALPHAINFRA,EQ,79.63,80.88,78.79,80.04,80.04,80.73,479101,38281766.9,11-NOV-2024,2668,INE37018701011
ALPHAINFRA,EQ,78.48,80.33,76.65,78.5,78.5,80.04,130065,10209235.4,12-NOV-2024,729,INE37018701011
ALPHAINFRA,EQ,79.88,81.08,78.33,79.53,79.53,78.5,72903,5806480.94,13-NOV-2024,412,INE37018701011
ALPHAINFRA,EQ,80.06,81.09,78.53,79.56,79.56,79.53,187237,14927781.89,14-NOV-2024,1047,INE37018701011
ALPHAINFRA,EQ,79.4,80.79,78.61,80.0,80.0,79.56,160544,12811411.2,15-NOV-2024,898,INE37018701011
ALPHAINFRA,EQ,78.51,79.08,77.73,78.29,78.29,80.0,204655,16038130.17,18-NOV-2024,1143,INE37018701011
ALPHAINFRA,EQ,78.65,78.94,78.24,78.54,78.54,78.29,192383,15116173.59,19-NOV-2024,1075,INE37018701011
ALPHAINFRA,EQ,78.11,78.85,77.47,78.21,78.21,78.54,317678,24835007.11,20-NOV-2024,1771,INE37018701011
ALPHAINFRA,EQ,78.62,79.31,78.31,79.0,79.0,78.21,208922,16478374.55,21-NOV-2024,1167,INE37018701011
ALPHAINFRA,EQ,78.58,79.3,77.59,78.32,78.32,79.0,195420,15321579.4,22-NOV-2024,1092,INE37018701011
ALPHAINFRA,EQ,76.64,77.25,76.39,77.01,77.01,78.32,324448,24944643.73,25-NOV-2024,1809,INE37018701011
ALPHAINFRA,EQ,78.07,79.17,77.34,78.45,78.45,77.01,55729,4364695.28,26-NOV-2024,316,INE37018701011
ALPHAINFRA,EQ,79.12,79.86,78.03,78.76,78.76,78.45,180332,14225189.27,27-NOV-2024,1008,INE37018701011
ALPHAINFRA,EQ,79.51,80.49,78.29,79.27,79.27,78.76,195089,15480312.15,28-NOV-2024,1090,INE37018701011
ALPHAINFRA,EQ,80.33,81.04,79.55,80.26,80.26,79.27,139662,11212530.9,29-NOV-2024,782,INE37018701011
ALPHAINFRA,EQ,78.5,80.03,77.21,78.74,78.74,80.26,207014,16283721.24,02-DEC-2024,1157,INE37018701011
ALPHAINFRA,EQ,81.06,83.63,77.51,80.04,80.04,78.74,114843,9232611.58,03-DEC-2024,645,INE37018701011
ALPHAINFRA,EQ,81.65,82.85,80.07,81.27,81.27,80.04,189247,15404074.98,04-DEC-2024,1058,INE37018701011
ALPHAINFRA,EQ,82.39,84.24,80.16,82.0,82.0,81.27,241455,19831504.0,05-DEC-2024,1348,INE37018701011
ALPHAINFRA,EQ,80.09,80.3,79.68,79.9,79.9,82.0,164318,13138867.28,06-DEC-2024,919,INE37018701011
ALPHAINFRA,EQ,81.72,82.0,80.88,81.16,81.16,79.9,231441,18826953.88,09-DEC-2024,1292,INE37018701011
ALPHAINFRA,EQ,81.05,81.72,80.79,81.46,81.46,81.16,487311,39629754.89,10-DEC-2024,2714,INE37018701011
ALPHAINFRA,EQ,81.38,82.33,80.79,81.74,81.74,81.46,200082,16330692.84,11-DEC-2024,1118,INE37018701011
ALPHAINFRA,EQ,83.17,84.27,81.72,82.82,82.82,81.74,235231,19509275.04,12-DEC-2024,1313,INE37018701011
ALPHAINFRA,EQ,82.85,83.46,81.91,82.52,82.52,82.82,268372,22175578.36,13-DEC-2024,1497,INE37018701011
ALPHAINFRA,EQ,84.2,84.79,83.78,84.37,84.37,82.52,59836,5044972.61,16-DEC-2024,339,INE37018701011
ALPHAINFRA,EQ,84.41,86.32,82.95,84.86,84.86,84.37,333788,28275181.48,17-DEC-2024,1861,INE37018701011
ALPHAINFRA,EQ,84.78,86.35,82.49,84.04,84.04,84.86,349961,29499379.23,18-DEC-2024,1951,INE37018701011
ALPHAINFRA,EQ,83.16,84.46,81.26,82.54,82.54,84.04,150018,12414489.56,19-DEC-2024,840,INE37018701011
ALPHAINFRA,EQ,81.29,81.9,80.6,81.21,81.21,82.54,376898,30617937.19,20-DEC-2024,2100,INE37018701011
ALPHAINFRA,EQ,81.92,82.27,81.27,81.62,81.62,81.21,230406,18828778.32,23-DEC-2024,1287,INE37018701011
ALPHAINFRA,EQ,80.04,80.56,79.11,79.62,79.62,81.62,698679,55728965.97,24-DEC-2024,3888,INE37018701011
ALPHAINFRA,EQ,79.68,81.23,78.42,79.96,79.96,79.62,110524,8827551.88,25-DEC-2024,621,INE37018701011
ALPHAINFRA,EQ,79.86,80.51,79.59,80.24,80.24,79.96,483903,38767082.34,26-DEC-2024,2695,INE37018701011
ALPHAINFRA,EQ,83.09,83.44,82.71,83.06,83.06,80.24,272625,22646958.75,27-DEC-2024,1521,INE37018701011
BHARATCHEM,EQ,212.13,214.16,209.07,211.1,211.1,211.97,302004,63856732.44,01-JAN-2024,1684,INE25214401011
BHARATCHEM,EQ,217.8,219.13,216.0,217.33,217.33,211.1,261373,56845142.53,02-JAN-2024,1459,INE25214401011
BHARATCHEM,EQ,221.08,225.09,216.96,220.97,220.97,217.33,85550,18907120.33,03-JAN-2024,482,INE25214401011
BHARATCHEM,EQ,212.48,215.46,209.63,212.6,212.6,220.97,285724,60734445.85,04-JAN-2024,1594,INE25214401011
BHARATCHEM,EQ,219.1,223.84,214.87,219.6,219.6,212.6,411799,90363799.9,05-JAN-2024,2294,INE25214401011
BHARATCHEM,EQ,215.91,218.73,212.71,215.52,215.52,219.6,488823,105416309.36,08-JAN-2024,2722,INE25214401011
BHARATCHEM,EQ,222.86,226.37,218.92,222.43,222.43,215.52,294365,65517799.27,09-JAN-2024,1642,INE25214401011
BHARATCHEM,EQ,216.83,218.55,215.71,217.42,217.42,222.43,116094,25218712.64,10-JAN-2024,651,INE25214401011
BHARATCHEM,EQ,222.96,225.35,220.55,222.94,222.94,217.42,286860,63954480.8,11-JAN-2024,1600,INE25214401011
BHARATCHEM,EQ,229.77,232.3,227.61,230.14,230.14,222.94,374322,86100298.7,12-JAN-2024,2086,INE25214401011
BHARATCHEM,EQ,232.34,233.35,229.52,230.53,230.53,230.14,278345,64334807.67,15-JAN-2024,1553,INE25214401011
BHARATCHEM,EQ,228.86,230.89,226.42,228.44,228.44,230.53,917442,209711950.5,16-JAN-2024,5103,INE25214401011
BHARATCHEM,EQ,219.44,227.47,212.68,220.68,220.68,228.44,250069,55084365.76,17-JAN-2024,1396,INE25214401011
BHARATCHEM,EQ,215.97,219.7,211.23,214.95,214.95,220.68,285730,61515764.13,18-JAN-2024,1594,INE25214401011
BHARATCHEM,EQ,213.12,217.11,207.97,211.94,211.94,214.95,635600,134963304.0,19-JAN-2024,3538,INE25214401011
BHARATCHEM,EQ,208.75,209.21,207.33,207.79,207.79,211.94,436200,90777582.0,22-JAN-2024,2430,INE25214401011
BHARATCHEM,EQ,209.84,214.22,205.51,209.88,209.88,207.79,499559,104842447.33,23-JAN-2024,2782,INE25214401011
BHARATCHEM,EQ,208.83,211.75,206.59,209.5,209.5,209.88,162290,33964051.2,24-JAN-2024,908,INE25214401011
BHARATCHEM,EQ,211.47,212.08,210.65,211.25,211.25,209.5,349426,73843031.83,25-JAN-2024,1948,INE25214401011
BHARATCHEM,EQ,216.85,219.05,212.93,215.11,215.11,211.25,222336,47957134.08,26-JAN-2024,1242,INE25214401011
BHARATCHEM,EQ,218.93,219.79,217.54,218.41,218.41,215.11,495671,108343767.18,29-JAN-2024,2760,INE25214401011
BHARATCHEM,EQ,219.22,221.34,216.81,218.92,218.92,218.41,499234,109343894.79,30-JAN-2024,2780,INE25214401011
BHARATCHEM,EQ,224.52,225.01,222.96,223.44,223.44,218.92,250789,56127414.16,31-JAN-2024,1400,INE25214401011
BHARATCHEM,EQ,224.08,225.11,222.3,223.33,223.33,223.44,341189,76283036.62,01-FEB-2024,1902,INE25214401011
BHARATCHEM,EQ,231.2,234.48,226.85,230.13,230.13,223.33,171325,39488128.17,02-FEB-2024,958,INE25214401011
BHARATCHEM,EQ,225.08,228.8,222.49,226.19,226.19,230.13,234708,53003325.28,05-FEB-2024,1310,INE25214401011
BHARATCHEM,EQ,218.9,220.91,217.98,219.98,219.98,226.19,484391,106383566.06,06-FEB-2024,2698,INE25214401011
BHARATCHEM,EQ,219.93,224.09,216.72,220.87,220.87,219.98,123691,27281286.96,07-FEB-2024,694,INE25214401011
BHARATCHEM,EQ,219.92,220.96,219.0,220.04,220.04,220.87,642970,141453400.0,08-FEB-2024,3579,INE25214401011
BHARATCHEM,EQ,224.58,226.19,222.47,224.08,224.08,220.04,336609,75483446.22,09-FEB-2024,1877,INE25214401011
BHARATCHEM,EQ,234.43,237.17,230.59,233.32,233.32,224.08,153547,35882910.25,12-FEB-2024,860,INE25214401011
BHARATCHEM,EQ,233.45,234.77,232.22,233.54,233.54,233.32,304638,71136019.38,13-FEB-2024,1699,INE25214401011
BHARATCHEM,EQ,247.12,250.13,244.13,247.14,247.14,233.54,204847,50624521.93,14-FEB-2024,1145,INE25214401011
BHARATCHEM,EQ,256.72,261.93,250.56,255.74,255.74,247.14,380125,97341142.92,15-FEB-2024,2118,INE25214401011
BHARATCHEM,EQ,256.36,258.35,254.41,256.4,256.4,255.74,1068662,273990687.97,16-FEB-2024,5944,INE25214401011
BHARATCHEM,EQ,261.34,264.21,259.27,262.14,262.14,256.4,174937,45811335.31,19-FEB-2024,978,INE25214401011
BHARATCHEM,EQ,257.17,258.03,255.72,256.58,256.58,262.14,469796,120632650.89,20-FEB-2024,2616,INE25214401011
BHARATCHEM,EQ,248.68,250.66,244.78,246.75,246.75,256.58,194094,48018208.62,21-FEB-2024,1085,INE25214401011
BHARATCHEM,EQ,246.88,252.36,241.0,246.47,246.47,246.75,199492,49196722.12,22-FEB-2024,1115,INE25214401011
BHARATCHEM,EQ,246.19,248.56,242.09,244.45,244.45,246.47,403640,98905254.67,23-FEB-2024,2249,INE25214401011
BHARATCHEM,EQ,255.64,259.62,250.42,254.38,254.38,244.45,248807,63397682.31,26-FEB-2024,1389,INE25214401011
BHARATCHEM,EQ,256.36,258.15,255.51,257.3,257.3,254.38,138189,35512730.48,27-FEB-2024,774,INE25214401011
BHARATCHEM,EQ,259.04,261.66,255.05,257.65,257.65,257.3,428476,110598225.12,28-FEB-2024,2387,INE25214401011
BHARATCHEM,EQ,259.98,264.22,256.92,261.14,261.14,257.65,146358,38164312.08,29-FEB-2024,820,INE25214401011
BHARATCHEM,EQ,260.06,262.37,257.04,259.34,259.34,261.14,330664,85834863.33,01-MAR-2024,1844,INE25214401011
BHARATCHEM,EQ,257.96,262.8,252.38,257.21,257.21,259.34,236253,60826484.89,04-MAR-2024,1319,INE25214401011
BHARATCHEM,EQ,257.1,260.68,253.4,256.98,256.98,257.21,195947,50362297.94,05-MAR-2024,1095,INE25214401011
BHARATCHEM,EQ,259.49,263.82,255.81,260.13,260.13,256.98,517889,134609708.88,06-MAR-2024,2884,INE25214401011
BHARATCHEM,EQ,264.44,266.48,261.57,263.6,263.6,260.13,196690,51903212.83,07-MAR-2024,1099,INE25214401011
BHARATCHEM,EQ,272.49,273.37,267.84,268.71,268.71,263.6,567149,153115106.03,08-MAR-2024,3157,INE25214401011
BHARATCHEM,EQ,271.12,275.26,267.37,271.51,271.51,268.71,411312,111621850.56,11-MAR-2024,2292,INE25214401011
BHARATCHEM,EQ,265.35,274.09,256.8,265.54,265.54,271.51,271972,72202219.99,12-MAR-2024,1517,INE25214401011
BHARATCHEM,EQ,272.7,274.95,271.33,273.57,273.57,265.54,136788,37381880.6,13-MAR-2024,766,INE25214401011
BHARATCHEM,EQ,274.85,276.74,273.64,275.52,275.52,273.57,250377,68928788.1,14-MAR-2024,1397,INE25214401011
BHARATCHEM,EQ,275.3,277.08,271.98,273.75,273.75,275.52,246568,67626205.36,15-MAR-2024,1376,INE25214401011
BHARATCHEM,EQ,271.74,272.76,270.51,271.53,271.53,273.75,477639,129726752.4,18-MAR-2024,2660,INE25214401011
BHARATCHEM,EQ,269.16,272.66,264.07,267.55,267.55,271.53,332216,89064894.83,19-MAR-2024,1852,INE25214401011
BHARATCHEM,EQ,267.49,270.57,265.4,268.47,268.47,267.55,555622,148988187.23,20-MAR-2024,3093,INE25214401011
BHARATCHEM,EQ,274.09,275.89,270.63,272.41,272.41,268.47,258526,70571565.73,21-MAR-2024,1443,INE25214401011
BHARATCHEM,EQ,271.21,272.31,267.51,268.6,268.6,272.41,162987,43920650.18,22-MAR-2024,912,INE25214401011
BHARATCHEM,EQ,273.52,275.59,271.91,273.99,273.99,268.6,139269,38136030.27,25-MAR-2024,780,INE25214401011
BHARATCHEM,EQ,281.29,290.06,275.25,283.97,283.97,273.99,573360,162314393.6,26-MAR-2024,3192,INE25214401011
BHARATCHEM,EQ,274.99,278.68,270.49,274.17,274.17,283.97,1117906,306805575.35,27-MAR-2024,6217,INE25214401011
BHARATCHEM,EQ,274.4,280.06,268.04,273.68,273.68,274.17,287840,78847051.73,28-MAR-2024,1606,INE25214401011
BHARATCHEM,EQ,275.45,278.75,272.09,275.39,275.39,273.68,482050,132761390.5,29-MAR-2024,2685,INE25214401011
BHARATCHEM,EQ,283.52,286.93,279.63,283.04,283.04,275.39,347999,98553316.8,01-APR-2024,1940,INE25214401011
BHARATCHEM,EQ,278.82,280.29,277.5,278.98,278.98,283.04,629546,175595068.81,02-APR-2024,3504,INE25214401011
BHARATCHEM,EQ,287.68,292.01,285.36,289.68,289.68,278.98,213777,61785115.95,03-APR-2024,1194,INE25214401011
BHARATCHEM,EQ,294.15,295.22,291.92,292.98,292.98,289.68,257347,75498747.21,04-APR-2024,1436,INE25214401011
BHARATCHEM,EQ,304.24,307.34,301.81,304.91,304.91,292.98,367139,111862358.11,05-APR-2024,2046,INE25214401011
BHARATCHEM,EQ,288.26,291.85,285.46,289.04,289.04,304.91,302764,87433197.13,08-APR-2024,1689,INE25214401011
BHARATCHEM,EQ,281.08,282.73,279.95,281.6,281.6,289.04,483671,136117917.29,09-APR-2024,2694,INE25214401011
BHARATCHEM,EQ,280.01,283.21,277.17,280.37,280.37,281.6,363949,101996707.25,10-APR-2024,2028,INE25214401011
BHARATCHEM,EQ,273.91,276.89,270.43,273.4,273.4,280.37,279911,76576185.31,11-APR-2024,1562,INE25214401011
BHARATCHEM,EQ,275.88,278.42,273.8,276.33,276.33,273.4,202484,55922706.07,12-APR-2024,1131,INE25214401011
BHARATCHEM,EQ,269.9,274.87,265.05,270.02,270.02,276.33,320762,86599324.76,15-APR-2024,1789,INE25214401011
BHARATCHEM,EQ,263.05,263.81,261.64,262.4,262.4,270.02,299170,78567028.17,16-APR-2024,1669,INE25214401011
BHARATCHEM,EQ,258.66,265.36,253.85,260.52,260.52,262.4,440245,114424077.95,17-APR-2024,2452,INE25214401011
BHARATCHEM,EQ,260.45,261.63,258.42,259.6,259.6,260.52,138371,35960316.72,18-APR-2024,775,INE25214401011
BHARATCHEM,EQ,258.32,263.05,253.13,257.85,257.85,259.6,449905,116079989.05,19-APR-2024,2506,INE25214401011
BHARATCHEM,EQ,262.32,265.03,260.57,263.27,263.27,257.85,116138,30539261.35,22-APR-2024,652,INE25214401011
BHARATCHEM,EQ,254.66,260.82,249.43,255.57,255.57,263.27,460379,117522481.93,23-APR-2024,2564,INE25214401011
BHARATCHEM,EQ,256.68,259.41,254.44,257.17,257.17,255.57,213036,54751672.24,24-APR-2024,1190,INE25214401011
BHARATCHEM,EQ,263.46,266.58,259.15,262.25,262.25,257.17,192376,50529480.16,25-APR-2024,1075,INE25214401011
BHARATCHEM,EQ,262.84,264.52,261.92,263.6,263.6,262.25,561226,147796996.35,26-APR-2024,3124,INE25214401011
BHARATCHEM,EQ,262.71,266.16,259.3,262.75,262.75,263.6,724667,190396592.02,29-APR-2024,4032,INE25214401011
BHARATCHEM,EQ,263.05,264.22,261.22,262.38,262.38,262.75,474460,124596359.07,30-APR-2024,2642,INE25214401011
BHARATCHEM,EQ,263.02,263.9,262.39,263.27,263.27,262.38,199964,52627858.61,01-MAY-2024,1117,INE25214401011
BHARATCHEM,EQ,260.75,261.5,260.22,260.97,260.97,263.27,237083,61854164.42,02-MAY-2024,1324,INE25214401011
BHARATCHEM,EQ,268.4,270.88,264.71,267.18,267.18,260.97,352013,94195158.67,03-MAY-2024,1962,INE25214401011
BHARATCHEM,EQ,262.16,267.28,258.24,263.34,263.34,267.18,319191,83932337.42,06-MAY-2024,1780,INE25214401011
BHARATCHEM,EQ,254.45,257.63,251.46,254.64,254.64,263.34,314844,80151936.04,07-MAY-2024,1756,INE25214401011
BHARATCHEM,EQ,258.86,260.46,257.22,258.82,258.82,254.64,131930,34147881.67,08-MAY-2024,739,INE25214401011
BHARATCHEM,EQ,256.34,259.22,253.77,256.65,256.65,258.82,372695,95613659.93,09-MAY-2024,2077,INE25214401011
BHARATCHEM,EQ,261.95,268.48,255.62,262.14,262.14,256.65,522598,136962483.84,10-MAY-2024,2910,INE25214401011
BHARATCHEM,EQ,258.27,260.92,257.11,259.75,259.75,262.14,132727,34410802.02,13-MAY-2024,744,INE25214401011
BHARATCHEM,EQ,264.89,267.96,260.74,263.79,263.79,259.75,353724,93440910.92,14-MAY-2024,1972,INE25214401011
BHARATCHEM,EQ,272.18,276.0,267.98,271.8,271.8,263.79,958840,260734165.07,15-MAY-2024,5333,INE25214401011
BHARATCHEM,EQ,270.61,277.43,263.58,270.39,270.39,271.8,850199,229950489.53,16-MAY-2024,4730,INE25214401011
BHARATCHEM,EQ,260.22,260.75,259.39,259.92,259.92,270.39,183875,47811177.5,17-MAY-2024,1028,INE25214401011
BHARATCHEM,EQ,263.59,266.81,260.11,263.32,263.32,259.92,703132,185214343.89,20-MAY-2024,3913,INE25214401011
BHARATCHEM,EQ,259.03,264.06,255.33,260.34,260.34,263.32,225399,58583454.09,21-MAY-2024,1259,INE25214401011
BHARATCHEM,EQ,263.97,266.44,261.16,263.62,263.62,260.34,153100,40378594.0,22-MAY-2024,857,INE25214401011
BHARATCHEM,EQ,266.08,269.97,264.18,268.06,268.06,263.62,332056,88792881.25,23-MAY-2024,1851,INE25214401011
BHARATCHEM,EQ,260.02,264.05,255.23,259.25,259.25,268.06,549188,142519777.88,24-MAY-2024,3058,INE25214401011
BHARATCHEM,EQ,253.95,255.32,252.3,253.67,253.67,259.25,147709,37483128.2,27-MAY-2024,827,INE25214401011
BHARATCHEM,EQ,258.26,260.14,257.29,259.17,259.17,253.67,275466,71308965.2,28-MAY-2024,1537,INE25214401011
BHARATCHEM,EQ,250.65,255.78,246.87,251.98,251.98,259.17,676284,170114731.64,29-MAY-2024,3764,INE25214401011
BHARATCHEM,EQ,252.17,254.2,251.04,253.07,253.07,251.98,714607,180631211.39,30-MAY-2024,3977,INE25214401011
BHARATCHEM,EQ,249.29,255.1,242.08,247.87,247.87,253.07,604703,150177990.05,31-MAY-2024,3366,INE25214401011
BHARATCHEM,EQ,252.23,254.11,251.36,253.23,253.23,247.87,534901,135276462.9,03-JUN-2024,2978,INE25214401011
BHARATCHEM,EQ,253.43,256.62,249.85,253.03,253.03,253.23,468345,118569342.5,04-JUN-2024,2608,INE25214401011
BHARATCHEM,EQ,256.81,261.24,251.51,255.93,255.93,253.03,597526,153102095.23,05-JUN-2024,3326,INE25214401011
BHARATCHEM,EQ,257.62,262.46,252.14,256.98,256.98,255.93,233587,60077019.15,06-JUN-2024,1304,INE25214401011
BHARATCHEM,EQ,252.71,258.47,247.29,253.03,253.03,256.98,449018,113570122.74,07-JUN-2024,2501,INE25214401011
BHARATCHEM,EQ,253.88,257.56,249.98,253.66,253.66,253.03,222696,56505398.4,10-JUN-2024,1244,INE25214401011
BHARATCHEM,EQ,256.31,257.82,254.2,255.7,255.7,253.66,424076,108523875.57,11-JUN-2024,2362,INE25214401011
BHARATCHEM,EQ,252.52,255.14,250.53,253.14,253.14,255.7,216851,54849569.1,12-JUN-2024,1211,INE25214401011
BHARATCHEM,EQ,252.1,253.93,250.12,251.95,251.95,253.14,278176,70100352.0,13-JUN-2024,1552,INE25214401011
BHARATCHEM,EQ,244.93,248.62,242.62,246.3,246.3,251.95,439936,108156799.15,14-JUN-2024,2451,INE25214401011
BHARATCHEM,EQ,242.46,243.97,241.07,242.57,242.57,246.3,66206,16057382.55,17-JUN-2024,374,INE25214401011
BHARATCHEM,EQ,249.68,253.09,245.15,248.55,248.55,242.57,376513,93725381.09,18-JUN-2024,2098,INE25214401011
BHARATCHEM,EQ,239.27,240.13,238.14,239.01,239.01,248.55,878528,210050187.95,19-JUN-2024,4887,INE25214401011
BHARATCHEM,EQ,235.69,240.37,231.53,236.2,236.2,239.01,398110,93967230.33,20-JUN-2024,2218,INE25214401011
BHARATCHEM,EQ,235.04,239.78,230.06,234.8,234.8,236.2,600672,141085839.36,21-JUN-2024,3344,INE25214401011
BHARATCHEM,EQ,235.6,236.2,233.86,234.46,234.46,234.8,827511,194332683.24,24-JUN-2024,4604,INE25214401011
BHARATCHEM,EQ,240.97,242.64,237.29,238.95,238.95,234.46,349259,83691769.97,25-JUN-2024,1947,INE25214401011
BHARATCHEM,EQ,244.05,248.41,240.93,245.26,245.26,238.95,152813,37418809.93,26-JUN-2024,855,INE25214401011
BHARATCHEM,EQ,241.27,243.83,238.12,240.67,240.67,245.26,172421,41531621.01,27-JUN-2024,964,INE25214401011
BHARATCHEM,EQ,238.81,241.74,235.59,238.51,238.51,240.67,277373,66184896.11,28-JUN-2024,1547,INE25214401011
BHARATCHEM,EQ,246.92,250.4,244.13,247.6,247.6,238.51,134814,33349837.94,01-JUL-2024,755,INE25214401011
BHARATCHEM,EQ,240.04,242.8,235.93,238.68,238.68,247.6,315968,75559534.29,02-JUL-2024,1762,INE25214401011
BHARATCHEM,EQ,240.81,242.62,237.43,239.23,239.23,238.68,384566,92203544.16,03-JUL-2024,2143,INE25214401011
BHARATCHEM,EQ,256.14,257.39,255.22,256.46,256.46,239.23,356904,91494719.76,04-JUL-2024,1989,INE25214401011
BHARATCHEM,EQ,251.64,253.53,249.17,251.06,251.06,256.46,124526,31287572.59,05-JUL-2024,698,INE25214401011
BHARATCHEM,EQ,249.99,255.04,246.98,252.01,252.01,251.06,546953,137472990.2,08-JUL-2024,3045,INE25214401011
BHARATCHEM,EQ,257.17,259.43,254.56,256.82,256.82,252.01,183589,47170745.7,09-JUL-2024,1026,INE25214401011
BHARATCHEM,EQ,262.82,265.93,260.0,263.1,263.1,256.82,662370,174209933.7,10-JUL-2024,3686,INE25214401011
BHARATCHEM,EQ,263.15,265.87,261.0,263.72,263.72,263.1,228208,60139654.24,11-JUL-2024,1274,INE25214401011
BHARATCHEM,EQ,259.12,263.27,254.19,258.33,258.33,263.72,605901,156683978.93,12-JUL-2024,3373,INE25214401011
BHARATCHEM,EQ,272.85,276.03,269.51,272.68,272.68,258.33,222371,60649466.54,15-JUL-2024,1242,INE25214401011
BHARATCHEM,EQ,279.32,284.08,272.65,277.37,277.37,272.68,1027550,285693151.67,16-JUL-2024,5715,INE25214401011
BHARATCHEM,EQ,268.99,276.81,262.3,270.09,270.09,277.37,307654,82984538.93,17-JUL-2024,1716,INE25214401011
BHARATCHEM,EQ,273.01,275.35,271.05,273.39,273.39,270.09,321328,87807160.37,18-JUL-2024,1792,INE25214401011
BHARATCHEM,EQ,269.73,274.47,265.1,269.84,269.84,273.39,928493,250510506.38,19-JUL-2024,5165,INE25214401011
BHARATCHEM,EQ,257.63,264.44,252.82,259.6,259.6,269.84,564031,146057707.55,22-JUL-2024,3140,INE25214401011
BHARATCHEM,EQ,264.76,269.54,258.69,263.44,263.44,259.6,287217,75793694.13,23-JUL-2024,1602,INE25214401011
BHARATCHEM,EQ,271.31,274.73,267.23,270.65,270.65,263.44,341413,92478539.31,24-JUL-2024,1903,INE25214401011
BHARATCHEM,EQ,280.15,281.68,277.57,279.1,279.1,270.65,243449,68031823.05,25-JUL-2024,1359,INE25214401011
BHARATCHEM,EQ,274.49,279.54,269.38,274.43,274.43,279.1,526176,144409003.2,26-JUL-2024,2930,INE25214401011
BHARATCHEM,EQ,277.34,281.73,271.65,276.02,276.02,274.43,366793,101406038.07,29-JUL-2024,2044,INE25214401011
BHARATCHEM,EQ,270.16,273.43,265.75,269.0,269.0,276.02,250754,67551455.91,30-JUL-2024,1400,INE25214401011
BHARATCHEM,EQ,277.4,278.06,275.23,275.88,275.88,269.0,439834,121565719.26,31-JUL-2024,2450,INE25214401011
BHARATCHEM,EQ,271.51,274.91,269.35,272.74,272.74,275.88,1223238,333128482.0,01-AUG-2024,6802,INE25214401011
BHARATCHEM,EQ,262.25,263.94,259.85,261.53,261.53,272.74,245278,64207239.65,02-AUG-2024,1369,INE25214401011
BHARATCHEM,EQ,265.3,266.6,264.61,265.91,265.91,261.53,527922,140272394.88,05-AUG-2024,2939,INE25214401011
BHARATCHEM,EQ,263.02,265.92,260.88,263.78,263.78,265.91,296498,78135129.61,06-AUG-2024,1654,INE25214401011
BHARATCHEM,EQ,259.69,261.18,256.83,258.3,258.3,263.78,542792,140458285.84,07-AUG-2024,3022,INE25214401011
BHARATCHEM,EQ,261.54,264.78,257.47,260.69,260.69,258.3,183760,47957684.8,08-AUG-2024,1027,INE25214401011
BHARATCHEM,EQ,271.05,272.34,269.78,271.06,271.06,260.69,234694,63616155.64,09-AUG-2024,1310,INE25214401011
BHARATCHEM,EQ,274.87,280.21,269.2,274.53,274.53,271.06,375370,103094119.27,12-AUG-2024,2092,INE25214401011
BHARATCHEM,EQ,286.86,293.85,278.44,285.39,285.39,274.53,504910,144350402.93,13-AUG-2024,2812,INE25214401011
BHARATCHEM,EQ,283.08,284.9,280.97,282.79,282.79,285.39,182272,51562318.51,14-AUG-2024,1019,INE25214401011
BHARATCHEM,EQ,280.23,283.53,277.96,281.25,281.25,282.79,194211,54556459.38,15-AUG-2024,1085,INE25214401011
BHARATCHEM,EQ,283.04,289.4,274.98,281.31,281.31,281.25,389498,109798187.87,16-AUG-2024,2170,INE25214401011
BHARATCHEM,EQ,280.12,286.31,273.88,280.07,280.07,281.31,509902,142816751.51,19-AUG-2024,2839,INE25214401011
BHARATCHEM,EQ,271.62,277.36,267.01,272.73,272.73,280.07,343652,93599349.73,20-AUG-2024,1916,INE25214401011
BHARATCHEM,EQ,273.57,277.21,270.44,274.08,274.08,272.73,682828,187033417.48,21-AUG-2024,3800,INE25214401011
BHARATCHEM,EQ,274.52,278.96,272.31,276.73,276.73,274.08,345026,95227176.0,22-AUG-2024,1923,INE25214401011
BHARATCHEM,EQ,271.39,274.05,269.77,272.43,272.43,276.73,292208,79504926.67,23-AUG-2024,1630,INE25214401011
BHARATCHEM,EQ,289.95,290.7,289.24,289.99,289.99,272.43,301520,87433764.53,26-AUG-2024,1682,INE25214401011
BHARATCHEM,EQ,285.25,289.1,279.01,282.83,282.83,289.99,283339,80368162.89,27-AUG-2024,1581,INE25214401011
BHARATCHEM,EQ,283.16,286.53,279.91,283.27,283.27,282.83,1555794,440657906.58,28-AUG-2024,8650,INE25214401011
BHARATCHEM,EQ,284.35,286.6,283.74,285.99,285.99,283.27,391562,111768762.49,29-AUG-2024,2182,INE25214401011
BHARATCHEM,EQ,290.7,291.35,289.16,289.81,289.81,285.99,281060,81537379.73,30-AUG-2024,1568,INE25214401011
BHARATCHEM,EQ,286.66,290.34,284.28,287.95,287.95,289.81,193622,55670842.85,02-SEP-2024,1082,INE25214401011
BHARATCHEM,EQ,282.74,291.35,274.86,283.45,283.45,287.95,416784,118041564.48,03-SEP-2024,2322,INE25214401011
BHARATCHEM,EQ,277.52,281.63,275.37,279.47,279.47,283.45,425730,118703457.7,04-SEP-2024,2372,INE25214401011
BHARATCHEM,EQ,285.26,290.15,281.09,285.97,285.97,279.47,610626,174478237.82,05-SEP-2024,3399,INE25214401011
BHARATCHEM,EQ,287.96,293.69,281.59,287.31,287.31,285.97,247389,71131759.17,06-SEP-2024,1381,INE25214401011
BHARATCHEM,EQ,292.09,294.97,287.57,290.42,290.42,287.31,554920,161474321.07,09-SEP-2024,3089,INE25214401011
BHARATCHEM,EQ,278.24,283.46,272.81,278.02,278.02,290.42,245526,68279962.18,10-SEP-2024,1371,INE25214401011
BHARATCHEM,EQ,294.98,296.3,293.96,295.27,295.27,278.02,356936,105359178.69,11-SEP-2024,1989,INE25214401011
BHARATCHEM,EQ,303.17,306.64,298.13,301.59,301.59,295.27,406673,122864046.76,12-SEP-2024,2266,INE25214401011
BHARATCHEM,EQ,295.34,302.73,290.9,298.24,298.24,301.59,140181,41674409.49,13-SEP-2024,785,INE25214401011
BHARATCHEM,EQ,294.76,296.32,292.34,293.9,293.9,298.24,417257,122751445.97,16-SEP-2024,2325,INE25214401011
BHARATCHEM,EQ,286.68,290.59,281.56,285.45,285.45,293.9,425923,121757188.27,17-SEP-2024,2373,INE25214401011
BHARATCHEM,EQ,286.74,291.76,280.31,285.3,285.3,285.45,112311,32097360.69,18-SEP-2024,630,INE25214401011
BHARATCHEM,EQ,274.65,277.16,271.67,274.18,274.18,285.3,197317,54131288.06,19-SEP-2024,1103,INE25214401011
BHARATCHEM,EQ,284.31,287.28,280.34,283.3,283.3,274.18,429015,121685814.6,20-SEP-2024,2390,INE25214401011
BHARATCHEM,EQ,287.95,289.63,284.65,286.32,286.32,283.3,105643,30305455.27,23-SEP-2024,593,INE25214401011
BHARATCHEM,EQ,287.97,292.42,281.54,285.97,285.97,286.32,328540,94173800.73,24-SEP-2024,1832,INE25214401011
BHARATCHEM,EQ,284.44,290.87,277.23,283.63,283.63,285.97,368592,104646954.72,25-SEP-2024,2054,INE25214401011
BHARATCHEM,EQ,284.9,286.4,282.49,284.0,284.0,283.63,522804,148631434.52,26-SEP-2024,2911,INE25214401011
BHARATCHEM,EQ,281.27,285.8,276.29,280.82,280.82,284.0,168731,47408349.07,27-SEP-2024,944,INE25214401011
BHARATCHEM,EQ,284.88,288.18,281.43,284.73,284.73,280.82,345387,98359309.86,30-SEP-2024,1925,INE25214401011
BHARATCHEM,EQ,288.18,293.54,282.37,287.72,287.72,284.73,200622,57754392.62,01-OCT-2024,1121,INE25214401011
BHARATCHEM,EQ,292.52,297.95,285.89,291.31,291.31,287.72,128816,37577774.13,02-OCT-2024,722,INE25214401011
BHARATCHEM,EQ,286.69,291.01,282.41,286.72,286.72,291.31,188353,54003316.47,03-OCT-2024,1053,INE25214401011
BHARATCHEM,EQ,287.6,289.38,286.3,288.08,288.08,286.72,380772,109631874.24,04-OCT-2024,2122,INE25214401011
BHARATCHEM,EQ,287.24,296.87,277.58,287.22,287.22,288.08,271799,78067014.78,07-OCT-2024,1516,INE25214401011
BHARATCHEM,EQ,281.57,282.63,280.03,281.09,281.09,287.22,300532,84524625.0,08-OCT-2024,1676,INE25214401011
BHARATCHEM,EQ,279.27,281.69,276.41,278.83,278.83,281.09,301407,84085520.17,09-OCT-2024,1681,INE25214401011
BHARATCHEM,EQ,278.34,281.41,274.94,278.01,278.01,278.83,165046,45902593.52,10-OCT-2024,923,INE25214401011
BHARATCHEM,EQ,271.78,274.87,267.88,270.97,270.97,278.01,363476,98589230.24,11-OCT-2024,2026,INE25214401011
BHARATCHEM,EQ,270.14,270.91,269.25,270.02,270.02,270.97,357260,96481635.6,14-OCT-2024,1991,INE25214401011
BHARATCHEM,EQ,283.13,285.04,279.72,281.62,281.62,270.02,556133,156899949.51,15-OCT-2024,3096,INE25214401011
BHARATCHEM,EQ,278.19,284.07,274.13,279.98,279.98,281.62,585387,163553225.22,16-OCT-2024,3259,INE25214401011
BHARATCHEM,EQ,273.3,275.45,270.47,272.62,272.62,279.98,139558,38077935.11,17-OCT-2024,782,INE25214401011
BHARATCHEM,EQ,273.41,277.12,269.75,273.45,273.45,272.62,408100,111590864.0,18-OCT-2024,2274,INE25214401011
BHARATCHEM,EQ,270.59,274.91,264.99,269.29,269.29,273.45,291184,78541060.32,21-OCT-2024,1624,INE25214401011
BHARATCHEM,EQ,266.49,271.7,260.7,265.9,265.9,269.29,145421,38696528.1,22-OCT-2024,814,INE25214401011
BHARATCHEM,EQ,255.07,261.0,250.33,256.24,256.24,265.9,290741,74388023.12,23-OCT-2024,1622,INE25214401011
BHARATCHEM,EQ,255.25,259.18,252.63,256.55,256.55,256.24,180021,46106978.52,24-OCT-2024,1007,INE25214401011
BHARATCHEM,EQ,255.99,256.55,253.8,254.36,254.36,256.55,270205,68876155.18,25-OCT-2024,1508,INE25214401011
BHARATCHEM,EQ,256.25,257.96,254.69,256.4,256.4,254.36,104988,26913673.8,28-OCT-2024,590,INE25214401011
BHARATCHEM,EQ,254.44,255.74,251.99,253.29,253.29,256.4,293042,74336940.95,29-OCT-2024,1635,INE25214401011
BHARATCHEM,EQ,251.18,253.7,249.81,252.33,252.33,253.29,120210,30286508.8,30-OCT-2024,674,INE25214401011
BHARATCHEM,EQ,248.54,252.67,244.83,248.95,248.95,252.33,434105,108012559.08,31-OCT-2024,2418,INE25214401011
BHARATCHEM,EQ,248.42,254.72,241.91,248.21,248.21,248.95,324799,80641095.72,01-NOV-2024,1811,INE25214401011
BHARATCHEM,EQ,251.12,255.24,248.36,252.46,252.46,248.21,376173,94803119.46,04-NOV-2024,2096,INE25214401011
BHARATCHEM,EQ,249.19,250.58,247.73,249.12,249.12,252.46,265723,66203113.96,05-NOV-2024,1483,INE25214401011
BHARATCHEM,EQ,247.66,250.18,243.94,246.44,246.44,249.12,272235,67202117.2,06-NOV-2024,1519,INE25214401011
BHARATCHEM,EQ,235.72,240.29,231.32,235.88,235.88,246.44,783382,184744977.06,07-NOV-2024,4359,INE25214401011
BHARATCHEM,EQ,232.75,235.98,229.04,232.26,232.26,235.88,250688,58266576.21,08-NOV-2024,1399,INE25214401011
BHARATCHEM,EQ,232.03,233.39,231.16,232.52,232.52,232.26,230357,53524984.66,11-NOV-2024,1286,INE25214401011
BHARATCHEM,EQ,238.36,239.84,237.29,238.77,238.77,232.52,180901,43169008.63,12-NOV-2024,1012,INE25214401011
BHARATCHEM,EQ,245.83,249.31,241.05,244.51,244.51,238.77,336610,82454863.57,13-NOV-2024,1877,INE25214401011
BHARATCHEM,EQ,244.14,249.12,238.56,243.53,243.53,244.51,316993,77262817.18,14-NOV-2024,1768,INE25214401011
BHARATCHEM,EQ,236.48,242.53,230.65,236.7,236.7,243.53,372208,88074338.35,15-NOV-2024,2074,INE25214401011
BHARATCHEM,EQ,238.44,240.67,235.6,237.82,237.82,236.7,450280,107180148.4,18-NOV-2024,2508,INE25214401011
BHARATCHEM,EQ,229.86,232.03,228.68,230.84,230.84,237.82,330812,76257679.53,19-NOV-2024,1844,INE25214401011
BHARATCHEM,EQ,234.7,238.33,232.18,235.8,235.8,230.84,328188,77267488.76,20-NOV-2024,1830,INE25214401011
BHARATCHEM,EQ,238.83,245.36,233.43,239.93,239.93,235.8,141427,33882137.81,21-NOV-2024,792,INE25214401011
BHARATCHEM,EQ,231.8,233.64,230.52,232.36,232.36,239.93,337488,78355713.92,22-NOV-2024,1881,INE25214401011
BHARATCHEM,EQ,231.62,232.6,231.15,232.13,232.13,232.36,563591,130730568.36,25-NOV-2024,3138,INE25214401011
BHARATCHEM,EQ,229.12,229.8,227.05,227.73,227.73,232.13,419411,95706794.13,26-NOV-2024,2337,INE25214401011
BHARATCHEM,EQ,223.64,225.59,222.21,224.15,224.15,227.73,238098,53329983.7,27-NOV-2024,1329,INE25214401011
BHARATCHEM,EQ,235.29,238.32,233.28,236.3,236.3,224.15,398698,94079438.07,28-NOV-2024,2221,INE25214401011
BHARATCHEM,EQ,238.45,243.04,235.46,240.04,240.04,236.3,200449,48010208.15,29-NOV-2024,1120,INE25214401011
BHARATCHEM,EQ,236.59,238.6,233.52,235.53,235.53,240.04,189613,44726546.48,02-DEC-2024,1060,INE25214401011
BHARATCHEM,EQ,240.75,243.39,237.77,240.41,240.41,235.53,141991,34152148.62,03-DEC-2024,795,INE25214401011
BHARATCHEM,EQ,231.82,233.17,229.5,230.84,230.84,240.41,324651,75049571.67,04-DEC-2024,1810,INE25214401011
BHARATCHEM,EQ,239.68,240.97,238.84,240.13,240.13,230.84,314085,75374118.3,05-DEC-2024,1751,INE25214401011
BHARATCHEM,EQ,243.02,244.63,242.44,244.05,244.05,240.13,225800,55028965.33,06-DEC-2024,1261,INE25214401011
BHARATCHEM,EQ,234.97,236.67,234.24,235.93,235.93,244.05,451943,106483796.71,09-DEC-2024,2517,INE25214401011
BHARATCHEM,EQ,243.51,244.97,241.44,242.9,242.9,235.93,331842,80671896.34,10-DEC-2024,1850,INE25214401011
BHARATCHEM,EQ,243.37,245.45,241.0,243.07,243.07,242.9,223556,54362857.71,11-DEC-2024,1248,INE25214401011
BHARATCHEM,EQ,245.09,250.09,241.59,246.57,246.57,243.07,299891,73798176.92,12-DEC-2024,1673,INE25214401011
BHARATCHEM,EQ,249.12,253.13,245.28,249.28,249.28,246.57,208167,51881461.41,13-DEC-2024,1163,INE25214401011
BHARATCHEM,EQ,246.48,251.2,242.81,247.51,247.51,249.28,338352,83631591.68,16-DEC-2024,1886,INE25214401011
BHARATCHEM,EQ,255.55,256.49,254.52,255.46,255.46,247.51,482314,123226403.86,17-DEC-2024,2686,INE25214401011
BHARATCHEM,EQ,259.1,260.61,257.63,259.14,259.14,255.46,246306,63824452.76,18-DEC-2024,1375,INE25214401011
BHARATCHEM,EQ,265.69,266.37,264.32,264.99,264.99,259.14,220680,58530220.8,19-DEC-2024,1233,INE25214401011
BHARATCHEM,EQ,270.25,275.93,266.4,272.05,272.05,264.99,403914,109646494.44,20-DEC-2024,2250,INE25214401011
BHARATCHEM,EQ,275.73,279.02,272.46,275.75,275.75,272.05,255624,70486613.84,23-DEC-2024,1427,INE25214401011
BHARATCHEM,EQ,260.72,262.23,258.94,260.45,260.45,275.75,160182,41733818.28,24-DEC-2024,896,INE25214401011
BHARATCHEM,EQ,261.99,264.08,260.51,262.6,262.6,260.45,244072,64043679.23,25-DEC-2024,1362,INE25214401011
BHARATCHEM,EQ,256.27,261.05,252.89,257.65,257.65,262.6,427826,110035421.11,26-DEC-2024,2383,INE25214401011
BHARATCHEM,EQ,255.58,261.6,249.41,255.43,255.43,257.65,314265,80288422.2,27-DEC-2024,1752,INE25214401011
COASTBANK,EQ,293.51,294.93,291.94,293.36,293.36,295.5,425294,124785512.54,01-JAN-2024,2369,INE59966401011
COASTBANK,EQ,298.28,303.69,290.72,296.08,296.08,293.36,619331,183836020.73,02-JAN-2024,3447,INE59966401011
COASTBANK,EQ,297.38,299.37,296.21,298.2,298.2,296.08,297216,88548572.16,03-JAN-2024,1658,INE59966401011
COASTBANK,EQ,296.01,297.58,293.99,295.56,295.56,298.2,152096,44976308.16,04-JAN-2024,851,INE59966401011
COASTBANK,EQ,303.55,306.78,301.78,305.0,305.0,295.56,273899,83407723.48,05-JAN-2024,1528,INE59966401011
COASTBANK,EQ,307.38,308.52,306.22,307.36,307.36,305.0,300110,92243810.33,08-JAN-2024,1674,INE59966401011
COASTBANK,EQ,311.44,318.74,303.14,310.43,310.43,307.36,388242,120653966.34,09-JAN-2024,2163,INE59966401011
COASTBANK,EQ,306.87,312.85,299.97,305.93,305.93,310.43,213352,65339050.0,10-JAN-2024,1192,INE59966401011
COASTBANK,EQ,312.55,318.46,309.19,315.07,315.07,305.93,830830,261080019.2,11-JAN-2024,4622,INE59966401011
COASTBANK,EQ,321.99,324.47,319.84,322.31,322.31,315.07,365058,117624121.32,12-JAN-2024,2035,INE59966401011
COASTBANK,EQ,316.78,321.15,313.66,318.03,318.03,322.31,381075,121034501.0,15-JAN-2024,2124,INE59966401011
COASTBANK,EQ,314.7,318.94,311.4,315.62,315.62,318.03,453387,142961988.84,16-JAN-2024,2525,INE59966401011
COASTBANK,EQ,318.22,320.2,316.03,318.01,318.01,315.62,684602,217758204.16,17-JAN-2024,3810,INE59966401011
COASTBANK,EQ,321.36,324.24,319.52,322.39,322.39,318.01,393698,126790440.9,18-JAN-2024,2194,INE59966401011
COASTBANK,EQ,329.13,332.22,326.4,329.48,329.48,322.39,328257,108116913.9,19-JAN-2024,1830,INE59966401011
COASTBANK,EQ,337.77,339.74,335.75,337.73,337.73,329.48,266132,89883421.68,22-JAN-2024,1485,INE59966401011
COASTBANK,EQ,327.5,331.41,324.42,328.32,328.32,337.73,762559,250157479.95,23-JAN-2024,4243,INE59966401011
COASTBANK,EQ,328.26,338.21,319.71,329.64,329.64,328.32,423769,139499104.55,24-JAN-2024,2361,INE59966401011
COASTBANK,EQ,325.53,330.86,321.82,327.13,327.13,329.64,518414,169315740.45,25-JAN-2024,2887,INE59966401011
COASTBANK,EQ,324.58,327.66,323.48,326.56,326.56,327.13,315106,102693045.4,26-JAN-2024,1757,INE59966401011
COASTBANK,EQ,329.09,330.81,325.21,326.92,326.92,326.56,310469,101724132.95,29-JAN-2024,1731,INE59966401011
COASTBANK,EQ,324.4,327.26,322.13,324.99,324.99,326.92,178042,57826854.65,30-JAN-2024,996,INE59966401011
COASTBANK,EQ,323.7,324.41,321.59,322.29,322.29,324.99,122206,39443615.91,31-JAN-2024,685,INE59966401011
COASTBANK,EQ,331.98,338.5,328.49,334.98,334.98,322.29,199854,66749237.46,01-FEB-2024,1117,INE59966401011
COASTBANK,EQ,335.64,346.6,327.33,338.22,338.22,334.98,404785,136567712.58,02-FEB-2024,2255,INE59966401011
COASTBANK,EQ,354.44,358.09,347.03,350.64,350.64,338.22,281480,99058441.6,05-FEB-2024,1570,INE59966401011
COASTBANK,EQ,348.94,356.51,342.54,350.08,350.08,350.64,139929,48934570.59,06-FEB-2024,784,INE59966401011
COASTBANK,EQ,343.78,350.02,337.49,343.72,343.72,350.08,380619,130835243.79,07-FEB-2024,2121,INE59966401011
COASTBANK,EQ,344.16,349.6,338.23,343.66,343.66,343.72,483565,166264153.95,08-FEB-2024,2693,INE59966401011
COASTBANK,EQ,356.42,359.02,351.85,354.43,354.43,343.66,272326,96702962.6,09-FEB-2024,1519,INE59966401011
COASTBANK,EQ,363.32,365.07,359.6,361.34,361.34,354.43,189941,68759275.14,12-FEB-2024,1062,INE59966401011
COASTBANK,EQ,357.37,360.74,353.21,356.57,356.57,361.34,389936,139144762.24,13-FEB-2024,2173,INE59966401011
COASTBANK,EQ,355.16,357.32,352.17,354.33,354.33,356.57,837449,296964998.39,14-FEB-2024,4659,INE59966401011
COASTBANK,EQ,361.29,365.08,354.92,358.68,358.68,354.33,170085,61155762.6,15-FEB-2024,951,INE59966401011
COASTBANK,EQ,353.23,355.79,350.18,352.74,352.74,358.68,279090,98491791.3,16-FEB-2024,1557,INE59966401011
COASTBANK,EQ,359.44,365.75,353.01,359.33,359.33,352.74,299327,107567148.48,19-FEB-2024,1669,INE59966401011
COASTBANK,EQ,348.27,350.52,344.26,346.5,346.5,359.33,244505,84866055.47,20-FEB-2024,1365,INE59966401011
COASTBANK,EQ,331.52,332.28,329.97,330.72,330.72,346.5,546096,180752315.04,21-FEB-2024,3040,INE59966401011
COASTBANK,EQ,348.86,355.0,342.2,348.33,348.33,330.72,296703,103403962.53,22-FEB-2024,1655,INE59966401011
COASTBANK,EQ,362.01,364.71,357.68,360.37,360.37,348.33,494944,178635188.48,23-FEB-2024,2756,INE59966401011
COASTBANK,EQ,358.21,361.32,355.68,358.79,358.79,360.37,455037,163174751.41,26-FEB-2024,2534,INE59966401011
COASTBANK,EQ,366.35,367.12,363.23,363.99,363.99,358.79,473315,172655845.7,27-FEB-2024,2636,INE59966401011
COASTBANK,EQ,363.6,367.94,360.25,364.58,364.58,363.99,385862,140552805.91,28-FEB-2024,2150,INE59966401011
COASTBANK,EQ,372.75,380.58,364.77,372.6,372.6,364.58,217959,81222421.35,29-FEB-2024,1217,INE59966401011
COASTBANK,EQ,367.42,372.73,361.33,366.63,366.63,372.6,309280,113473801.07,01-MAR-2024,1725,INE59966401011
COASTBANK,EQ,367.33,370.25,364.65,367.58,367.58,366.63,602768,221513221.55,04-MAR-2024,3355,INE59966401011
COASTBANK,EQ,378.03,381.97,374.67,378.61,378.61,367.58,249405,94379008.75,05-MAR-2024,1392,INE59966401011
COASTBANK,EQ,367.68,370.49,363.84,366.64,366.64,378.61,251529,92308627.71,06-MAR-2024,1404,INE59966401011
COASTBANK,EQ,354.15,356.62,350.15,352.61,352.61,366.64,945380,333838888.13,07-MAR-2024,5259,INE59966401011
COASTBANK,EQ,357.02,365.67,351.2,359.81,359.81,352.61,824498,295906835.55,08-MAR-2024,4587,INE59966401011
COASTBANK,EQ,358.9,364.5,353.69,359.28,359.28,359.81,235275,84500584.75,11-MAR-2024,1314,INE59966401011
COASTBANK,EQ,355.33,358.7,350.61,353.98,353.98,359.28,472937,167623060.91,12-MAR-2024,2634,INE59966401011
COASTBANK,EQ,353.43,360.2,347.87,354.62,354.62,353.98,219710,77827873.3,13-MAR-2024,1227,INE59966401011
COASTBANK,EQ,354.75,360.11,349.64,354.99,354.99,354.62,506945,179921539.77,14-MAR-2024,2823,INE59966401011
COASTBANK,EQ,365.63,374.35,356.58,365.29,365.29,354.99,590660,215831101.73,15-MAR-2024,3288,INE59966401011
COASTBANK,EQ,358.03,360.31,355.63,357.91,357.91,365.29,1568051,561283855.45,18-MAR-2024,8718,INE59966401011
COASTBANK,EQ,365.2,369.22,358.76,362.75,362.75,357.91,188975,68706900.58,19-MAR-2024,1056,INE59966401011
COASTBANK,EQ,362.51,364.68,361.03,363.19,363.19,362.75,54203,19673882.23,20-MAR-2024,308,INE59966401011
COASTBANK,EQ,372.25,374.22,371.17,373.14,373.14,363.19,244739,91249304.56,21-MAR-2024,1366,INE59966401011
COASTBANK,EQ,364.56,369.83,361.15,366.4,366.4,373.14,380298,139110473.08,22-MAR-2024,2119,INE59966401011
COASTBANK,EQ,363.28,374.5,355.11,366.25,366.25,366.4,301026,109960784.12,25-MAR-2024,1679,INE59966401011
COASTBANK,EQ,375.22,379.57,368.2,372.52,372.52,366.25,478992,178869982.56,26-MAR-2024,2668,INE59966401011
COASTBANK,EQ,374.83,379.25,370.26,374.68,374.68,372.52,234779,87978734.67,27-MAR-2024,1311,INE59966401011
COASTBANK,EQ,375.02,382.58,369.15,376.68,376.68,374.68,220921,83096488.54,28-MAR-2024,1234,INE59966401011
COASTBANK,EQ,367.3,369.46,366.13,368.28,368.28,376.68,424759,156292905.78,29-MAR-2024,2366,INE59966401011
COASTBANK,EQ,361.2,366.69,357.92,363.4,363.4,368.28,335396,121638067.32,01-APR-2024,1870,INE59966401011
COASTBANK,EQ,357.58,360.91,354.44,357.76,357.76,363.4,502286,179669376.49,02-APR-2024,2797,INE59966401011
COASTBANK,EQ,366.84,375.99,361.86,370.96,370.96,357.76,1033492,381982088.17,03-APR-2024,5748,INE59966401011
COASTBANK,EQ,362.73,368.2,357.39,362.85,362.85,370.96,219783,79740202.84,04-APR-2024,1228,INE59966401011
COASTBANK,EQ,357.36,363.81,349.18,355.6,355.6,362.85,606135,215903266.55,05-APR-2024,3374,INE59966401011
COASTBANK,EQ,365.0,374.39,356.57,365.94,365.94,355.6,372810,136311763.0,08-APR-2024,2078,INE59966401011
COASTBANK,EQ,376.83,380.18,375.31,378.66,378.66,365.94,193131,73013174.55,09-APR-2024,1079,INE59966401011
COASTBANK,EQ,363.9,367.0,361.41,364.5,364.5,378.66,484880,176643400.27,10-APR-2024,2700,INE59966401011
COASTBANK,EQ,358.14,360.71,356.57,359.13,359.13,364.5,178397,64009438.26,11-APR-2024,998,INE59966401011
COASTBANK,EQ,348.58,356.78,340.57,348.77,348.77,359.13,286412,99873773.81,12-APR-2024,1598,INE59966401011
COASTBANK,EQ,348.27,351.53,345.33,348.59,348.59,348.77,397788,138622488.2,15-APR-2024,2216,INE59966401011
COASTBANK,EQ,345.32,350.22,341.02,345.92,345.92,348.59,440095,152149643.4,16-APR-2024,2451,INE59966401011
COASTBANK,EQ,361.33,362.61,359.08,360.35,360.35,345.92,315493,113792015.24,17-APR-2024,1759,INE59966401011
COASTBANK,EQ,356.68,359.12,354.01,356.44,356.44,360.35,487356,173753785.64,18-APR-2024,2714,INE59966401011
COASTBANK,EQ,343.65,349.51,341.14,346.98,346.98,356.44,299728,103668921.55,19-APR-2024,1672,INE59966401011
COASTBANK,EQ,330.95,334.64,325.9,329.57,329.57,346.98,221665,73157577.72,22-APR-2024,1238,INE59966401011
COASTBANK,EQ,324.72,327.65,321.11,324.03,324.03,329.57,318471,103268468.03,23-APR-2024,1776,INE59966401011
COASTBANK,EQ,321.65,326.27,317.72,322.34,322.34,324.03,363144,116972313.84,24-APR-2024,2024,INE59966401011
COASTBANK,EQ,326.17,330.7,322.24,326.76,326.76,322.34,400348,130740311.87,25-APR-2024,2231,INE59966401011
COASTBANK,EQ,338.46,340.56,335.76,337.86,337.86,326.76,554993,187620933.58,26-APR-2024,3090,INE59966401011
COASTBANK,EQ,353.55,355.7,350.14,352.29,352.29,337.86,337579,119067489.09,29-APR-2024,1882,INE59966401011
COASTBANK,EQ,362.96,365.38,360.33,362.74,362.74,352.29,507405,184094990.75,30-APR-2024,2825,INE59966401011
COASTBANK,EQ,366.38,373.05,358.82,365.48,365.48,362.74,245064,89640326.8,01-MAY-2024,1368,INE59966401011
COASTBANK,EQ,370.18,374.36,366.56,370.74,370.74,365.48,211537,78385740.47,02-MAY-2024,1182,INE59966401011
COASTBANK,EQ,364.88,365.85,362.77,363.74,363.74,370.74,98093,35717623.16,03-MAY-2024,551,INE59966401011
COASTBANK,EQ,365.88,367.64,363.27,365.03,365.03,363.74,257351,94013751.65,06-MAY-2024,1436,INE59966401011
COASTBANK,EQ,372.22,375.66,367.19,370.62,370.62,365.03,316955,117639961.28,07-MAY-2024,1767,INE59966401011
COASTBANK,EQ,361.28,366.5,356.29,361.52,361.52,370.62,193957,70103171.56,08-MAY-2024,1084,INE59966401011
COASTBANK,EQ,360.02,364.54,355.49,360.01,360.01,361.52,57726,20782129.68,09-MAY-2024,327,INE59966401011
COASTBANK,EQ,355.36,361.98,352.07,358.66,358.66,360.01,268891,96147354.87,10-MAY-2024,1500,INE59966401011
COASTBANK,EQ,350.01,351.54,346.51,348.04,348.04,358.66,295391,103001857.06,13-MAY-2024,1648,INE59966401011
COASTBANK,EQ,355.72,363.19,347.87,355.33,355.33,348.04,369132,131212891.16,14-MAY-2024,2057,INE59966401011
COASTBANK,EQ,369.2,372.39,363.25,366.42,366.42,355.33,1125752,413548749.71,15-MAY-2024,6261,INE59966401011
COASTBANK,EQ,365.87,367.36,361.82,363.3,363.3,366.42,430258,156682753.28,16-MAY-2024,2397,INE59966401011
COASTBANK,EQ,363.37,368.2,357.67,362.49,362.49,363.3,518269,188021082.95,17-MAY-2024,2886,INE59966401011
COASTBANK,EQ,345.11,351.05,339.49,345.43,345.43,362.49,505616,174601002.51,20-MAY-2024,2815,INE59966401011
COASTBANK,EQ,341.41,344.87,339.34,342.79,342.79,345.43,439844,150573262.67,21-MAY-2024,2450,INE59966401011
COASTBANK,EQ,346.36,353.32,341.07,348.0,348.0,342.79,187196,65043746.15,22-MAY-2024,1046,INE59966401011
COASTBANK,EQ,349.07,354.01,342.89,347.81,347.81,348.0,621805,216535300.52,23-MAY-2024,3461,INE59966401011
COASTBANK,EQ,344.04,346.77,341.08,343.81,343.81,347.81,171003,58805651.66,24-MAY-2024,957,INE59966401011
COASTBANK,EQ,341.77,343.89,340.26,342.38,342.38,343.81,127273,43549850.9,27-MAY-2024,714,INE59966401011
COASTBANK,EQ,330.87,335.66,327.24,332.02,332.02,342.38,303283,100580774.12,28-MAY-2024,1691,INE59966401011
COASTBANK,EQ,325.09,328.84,320.04,323.78,323.78,332.02,323861,105002213.42,29-MAY-2024,1806,INE59966401011
COASTBANK,EQ,307.8,309.48,305.44,307.13,307.13,323.78,387785,119185719.75,30-MAY-2024,2161,INE59966401011
COASTBANK,EQ,318.07,320.48,314.31,316.7,316.7,307.13,332497,105455856.84,31-MAY-2024,1854,INE59966401011
COASTBANK,EQ,329.42,333.92,321.2,325.65,325.65,316.7,490441,160336606.52,03-JUN-2024,2731,INE59966401011
COASTBANK,EQ,329.43,333.83,325.1,329.5,329.5,325.65,372885,122856906.85,04-JUN-2024,2078,INE59966401011
COASTBANK,EQ,340.14,347.91,334.17,341.91,341.91,329.5,667136,227713530.88,05-JUN-2024,3713,INE59966401011
COASTBANK,EQ,353.57,360.68,345.52,352.6,352.6,341.91,195415,68968467.33,06-JUN-2024,1092,INE59966401011
COASTBANK,EQ,356.2,357.35,355.06,356.2,356.2,352.6,379488,135174890.56,07-JUN-2024,2115,INE59966401011
COASTBANK,EQ,362.17,365.66,358.18,361.67,361.67,356.2,144778,52385988.93,10-JUN-2024,811,INE59966401011
COASTBANK,EQ,368.22,373.7,361.62,367.08,367.08,361.67,183754,67523469.87,11-JUN-2024,1027,INE59966401011
COASTBANK,EQ,359.59,366.62,355.16,362.16,362.16,367.08,574728,207656889.44,12-JUN-2024,3199,INE59966401011
COASTBANK,EQ,353.6,359.84,347.3,353.53,353.53,362.16,188402,66610783.11,13-JUN-2024,1053,INE59966401011
COASTBANK,EQ,354.23,356.26,351.22,353.25,353.25,353.53,307974,108892420.34,14-JUN-2024,1717,INE59966401011
COASTBANK,EQ,358.94,360.72,356.82,358.6,358.6,353.25,470195,168665215.77,17-JUN-2024,2619,INE59966401011
COASTBANK,EQ,364.35,366.85,362.76,365.26,365.26,358.6,200735,73259576.48,18-JUN-2024,1122,INE59966401011
COASTBANK,EQ,373.46,380.12,367.64,374.29,374.29,365.26,615946,230374069.77,19-JUN-2024,3428,INE59966401011
COASTBANK,EQ,372.34,380.64,364.98,373.26,373.26,374.29,344390,128443694.4,20-JUN-2024,1920,INE59966401011
COASTBANK,EQ,368.45,375.34,361.04,367.92,367.92,373.26,394750,145307475.0,21-JUN-2024,2200,INE59966401011
COASTBANK,EQ,360.71,369.76,353.22,362.24,362.24,367.92,798646,288902204.04,24-JUN-2024,4443,INE59966401011
COASTBANK,EQ,349.92,354.35,346.83,351.26,351.26,362.24,678696,238095606.08,25-JUN-2024,3777,INE59966401011
COASTBANK,EQ,336.29,340.23,334.09,338.01,338.01,351.26,767887,259118348.9,26-JUN-2024,4273,INE59966401011
COASTBANK,EQ,334.08,339.01,329.6,334.52,334.52,338.01,287821,96240626.58,27-JUN-2024,1606,INE59966401011
COASTBANK,EQ,332.04,334.79,328.8,331.54,331.54,334.52,398869,132308835.99,28-JUN-2024,2222,INE59966401011
COASTBANK,EQ,328.12,331.02,324.15,327.04,327.04,331.54,557477,182519828.06,01-JUL-2024,3104,INE59966401011
COASTBANK,EQ,317.55,319.85,314.7,316.99,316.99,327.04,355982,112910370.76,02-JUL-2024,1984,INE59966401011
COASTBANK,EQ,314.38,317.17,310.8,313.59,313.59,316.99,243236,76340429.39,03-JUL-2024,1358,INE59966401011
COASTBANK,EQ,314.38,319.21,307.0,311.78,311.78,313.59,843307,263671177.64,04-JUL-2024,4692,INE59966401011
COASTBANK,EQ,318.36,321.58,317.56,320.77,320.77,311.78,260051,83208518.47,05-JUL-2024,1451,INE59966401011
COASTBANK,EQ,319.37,321.94,317.83,320.39,320.39,320.77,300625,96216033.33,08-JUL-2024,1677,INE59966401011
COASTBANK,EQ,331.06,333.32,330.2,332.45,332.45,320.39,445660,147954663.4,09-JUL-2024,2482,INE59966401011
COASTBANK,EQ,346.35,350.69,341.44,345.78,345.78,332.45,785716,271834164.52,10-JUL-2024,4372,INE59966401011
COASTBANK,EQ,344.6,346.54,342.32,344.26,344.26,345.78,904293,311414394.72,11-JUL-2024,5030,INE59966401011
COASTBANK,EQ,339.7,340.85,338.41,339.56,339.56,344.26,365346,124073937.24,12-JUL-2024,2036,INE59966401011
COASTBANK,EQ,344.72,346.93,344.0,346.2,346.2,339.56,289495,100081316.45,15-JUL-2024,1615,INE59966401011
COASTBANK,EQ,350.7,354.93,347.15,351.38,351.38,346.2,505846,177629509.05,16-JUL-2024,2817,INE59966401011
COASTBANK,EQ,349.91,351.41,349.09,350.59,350.59,351.38,341369,119603180.74,17-JUL-2024,1903,INE59966401011
COASTBANK,EQ,338.29,347.33,331.31,340.31,340.31,350.59,470044,159650444.6,18-JUL-2024,2618,INE59966401011
COASTBANK,EQ,340.99,349.87,332.53,341.39,341.39,340.31,399618,136374970.74,19-JUL-2024,2227,INE59966401011
COASTBANK,EQ,350.82,357.23,346.08,352.47,352.47,341.39,958791,337424120.66,22-JUL-2024,5333,INE59966401011
COASTBANK,EQ,357.1,360.53,353.45,356.89,356.89,352.47,455527,162603399.5,23-JUL-2024,2537,INE59966401011
COASTBANK,EQ,360.96,364.17,358.44,361.64,361.64,356.89,535532,193550190.33,24-JUL-2024,2982,INE59966401011
COASTBANK,EQ,359.52,361.09,355.54,357.1,357.1,361.64,124659,44616702.69,25-JUL-2024,699,INE59966401011
COASTBANK,EQ,351.36,353.7,348.65,350.99,350.99,357.1,908421,318958725.38,26-JUL-2024,5053,INE59966401011
COASTBANK,EQ,346.58,352.85,342.27,348.51,348.51,350.99,399810,139084570.1,29-JUL-2024,2228,INE59966401011
COASTBANK,EQ,352.85,356.68,349.84,353.66,353.66,348.51,284439,100518846.34,30-JUL-2024,1587,INE59966401011
COASTBANK,EQ,377.0,382.02,372.65,377.65,377.65,353.66,1376911,519701287.84,31-JUL-2024,7656,INE59966401011
COASTBANK,EQ,386.83,392.08,384.06,389.29,389.29,377.65,259817,100932842.1,01-AUG-2024,1450,INE59966401011
COASTBANK,EQ,381.55,392.85,374.62,385.84,385.84,389.29,539108,207252882.49,02-AUG-2024,3002,INE59966401011
COASTBANK,EQ,388.77,392.84,382.86,386.91,386.91,385.84,311500,120717671.67,05-AUG-2024,1737,INE59966401011
COASTBANK,EQ,393.21,398.4,387.66,392.85,392.85,386.91,378246,148639330.62,06-AUG-2024,2108,INE59966401011
COASTBANK,EQ,404.05,418.13,392.58,406.58,406.58,392.85,126343,51265356.82,07-AUG-2024,708,INE59966401011
COASTBANK,EQ,402.39,406.21,401.11,404.93,404.93,406.58,789041,318838317.42,08-AUG-2024,4390,INE59966401011
COASTBANK,EQ,389.51,391.95,388.69,391.13,391.13,404.93,209360,81773922.4,09-AUG-2024,1170,INE59966401011
COASTBANK,EQ,403.55,405.59,401.1,403.14,403.14,391.13,349859,141089971.32,12-AUG-2024,1950,INE59966401011
COASTBANK,EQ,406.78,410.56,401.85,405.62,405.62,403.14,747488,303487602.88,13-AUG-2024,4159,INE59966401011
COASTBANK,EQ,407.32,410.65,403.47,406.8,406.8,405.62,449283,182846200.12,14-AUG-2024,2503,INE59966401011
COASTBANK,EQ,398.22,399.16,397.17,398.1,398.1,406.8,232805,92689758.72,15-AUG-2024,1300,INE59966401011
COASTBANK,EQ,404.48,406.19,402.49,404.2,404.2,398.1,225703,91250218.21,16-AUG-2024,1260,INE59966401011
COASTBANK,EQ,403.74,413.02,396.91,406.14,406.14,404.2,120489,48841019.41,19-AUG-2024,676,INE59966401011
COASTBANK,EQ,399.93,401.98,397.94,399.98,399.98,406.14,139282,55708157.27,20-AUG-2024,780,INE59966401011
COASTBANK,EQ,389.42,394.13,384.96,389.66,389.66,399.98,329134,128225120.83,21-AUG-2024,1835,INE59966401011
COASTBANK,EQ,377.81,378.89,375.34,376.42,376.42,389.66,192672,72614865.6,22-AUG-2024,1077,INE59966401011
COASTBANK,EQ,382.85,387.32,376.62,381.07,381.07,376.42,466886,178196379.62,23-AUG-2024,2600,INE59966401011
COASTBANK,EQ,385.32,388.48,384.17,387.33,387.33,381.07,303498,117350536.68,26-AUG-2024,1693,INE59966401011
COASTBANK,EQ,392.13,395.08,385.75,388.68,388.68,387.33,437901,170709866.17,27-AUG-2024,2439,INE59966401011
COASTBANK,EQ,376.44,381.97,371.45,376.97,376.97,388.68,479299,180598265.54,28-AUG-2024,2669,INE59966401011
COASTBANK,EQ,370.19,375.57,365.02,370.4,370.4,376.97,349085,129276648.05,29-AUG-2024,1946,INE59966401011
COASTBANK,EQ,370.96,375.23,365.35,369.59,369.59,370.4,286049,105854339.44,30-AUG-2024,1596,INE59966401011
COASTBANK,EQ,356.33,360.46,353.53,357.66,357.66,369.59,77313,27617492.15,02-SEP-2024,436,INE59966401011
COASTBANK,EQ,335.51,339.75,333.05,337.28,337.28,357.66,769979,259246796.11,03-SEP-2024,4284,INE59966401011
COASTBANK,EQ,336.48,343.14,330.31,336.96,336.96,337.28,845559,284787089.73,04-SEP-2024,4704,INE59966401011
COASTBANK,EQ,332.72,335.0,329.51,331.78,331.78,336.96,531951,176659153.93,05-SEP-2024,2962,INE59966401011
COASTBANK,EQ,315.69,317.29,313.96,315.55,315.55,331.78,368737,116373397.2,06-SEP-2024,2055,INE59966401011
COASTBANK,EQ,319.21,322.22,317.7,320.71,320.71,315.55,230768,73894221.28,09-SEP-2024,1289,INE59966401011
COASTBANK,EQ,333.81,334.84,332.36,333.38,333.38,320.71,306232,102136538.19,10-SEP-2024,1708,INE59966401011
COASTBANK,EQ,334.65,337.72,331.22,334.3,334.3,333.38,1667534,557645603.39,11-SEP-2024,9271,INE59966401011
COASTBANK,EQ,333.13,334.23,331.92,333.02,333.02,334.3,292894,97550299.33,12-SEP-2024,1634,INE59966401011
COASTBANK,EQ,326.99,327.66,325.95,326.61,326.61,333.02,436045,142473343.3,13-SEP-2024,2429,INE59966401011
COASTBANK,EQ,324.67,329.69,320.97,325.97,325.97,326.61,327621,106654832.41,16-SEP-2024,1827,INE59966401011
COASTBANK,EQ,330.06,332.3,325.62,327.84,327.84,325.97,190142,62478125.97,17-SEP-2024,1063,INE59966401011
COASTBANK,EQ,320.12,324.29,317.77,321.92,321.92,327.84,319874,102784046.17,18-SEP-2024,1784,INE59966401011
COASTBANK,EQ,313.29,319.32,307.64,313.67,313.67,321.92,276294,86630141.74,19-SEP-2024,1541,INE59966401011
COASTBANK,EQ,301.74,305.66,298.07,301.98,301.98,313.67,300619,90757878.16,20-SEP-2024,1677,INE59966401011
COASTBANK,EQ,314.12,318.0,309.01,312.88,312.88,301.98,468877,146897601.18,23-SEP-2024,2611,INE59966401011
COASTBANK,EQ,304.58,305.96,302.99,304.37,304.37,312.88,178312,54285305.28,24-SEP-2024,997,INE59966401011
COASTBANK,EQ,313.3,318.5,306.65,311.83,311.83,304.37,434652,135753410.32,25-SEP-2024,2421,INE59966401011
COASTBANK,EQ,313.38,316.23,311.5,314.34,314.34,311.83,335256,105278206.64,26-SEP-2024,1869,INE59966401011
COASTBANK,EQ,298.33,302.16,295.13,298.95,298.95,314.34,217590,65004287.2,27-SEP-2024,1215,INE59966401011
COASTBANK,EQ,294.63,301.06,290.33,296.72,296.72,298.95,222975,66008775.75,30-SEP-2024,1245,INE59966401011
COASTBANK,EQ,290.57,295.14,285.94,290.51,290.51,296.72,459952,133629854.56,01-OCT-2024,2562,INE59966401011
COASTBANK,EQ,291.36,294.79,290.36,293.78,293.78,290.51,448126,131290461.73,02-OCT-2024,2496,INE59966401011
COASTBANK,EQ,283.01,291.44,275.05,283.47,283.47,293.78,313309,88766705.88,03-OCT-2024,1747,INE59966401011
COASTBANK,EQ,286.0,287.63,284.17,285.8,285.8,283.47,312842,89431099.73,04-OCT-2024,1745,INE59966401011
COASTBANK,EQ,280.01,280.78,278.47,279.24,279.24,285.8,289718,80975215.27,07-OCT-2024,1616,INE59966401011
COASTBANK,EQ,278.07,283.05,274.67,279.63,279.63,279.24,257423,71851049.68,08-OCT-2024,1437,INE59966401011
COASTBANK,EQ,290.05,292.87,284.99,287.79,287.79,279.63,200850,57955267.5,09-OCT-2024,1122,INE59966401011
COASTBANK,EQ,285.19,290.16,281.44,286.4,286.4,287.79,325820,93184520.0,10-OCT-2024,1817,INE59966401011
COASTBANK,EQ,287.79,289.51,285.86,287.58,287.58,286.4,432186,124318302.9,11-OCT-2024,2408,INE59966401011
COASTBANK,EQ,293.74,295.15,292.38,293.79,293.79,287.58,748274,219822947.23,14-OCT-2024,4164,INE59966401011
COASTBANK,EQ,284.99,287.98,281.79,284.77,284.77,293.79,495987,141280243.66,15-OCT-2024,2762,INE59966401011
COASTBANK,EQ,277.11,279.22,276.48,278.58,278.58,284.77,448599,124752391.24,16-OCT-2024,2499,INE59966401011
COASTBANK,EQ,283.68,285.21,281.15,282.67,282.67,278.58,259777,73519488.77,17-OCT-2024,1450,INE59966401011
COASTBANK,EQ,278.55,282.2,274.51,278.16,278.16,282.67,250685,69763128.65,18-OCT-2024,1399,INE59966401011
COASTBANK,EQ,281.37,286.15,278.41,283.17,283.17,278.16,711191,200965982.14,21-OCT-2024,3958,INE59966401011
COASTBANK,EQ,277.32,280.06,272.53,275.25,275.25,283.17,432050,119222757.33,22-OCT-2024,2407,INE59966401011
COASTBANK,EQ,274.86,276.36,272.85,274.35,274.35,275.25,426224,117007012.48,23-OCT-2024,2374,INE59966401011
COASTBANK,EQ,272.51,278.44,269.05,274.94,274.94,274.35,715308,196096919.48,24-OCT-2024,3980,INE59966401011
COASTBANK,EQ,283.51,285.72,280.71,282.92,282.92,274.94,250114,70811441.97,25-OCT-2024,1396,INE59966401011
COASTBANK,EQ,277.13,278.23,273.22,274.32,274.32,282.92,149448,41136558.32,28-OCT-2024,837,INE59966401011
COASTBANK,EQ,280.45,281.54,278.73,279.82,279.82,274.32,413316,115740879.48,29-OCT-2024,2303,INE59966401011
COASTBANK,EQ,266.6,271.32,264.14,268.84,268.84,279.82,233591,62625747.1,30-OCT-2024,1304,INE59966401011
COASTBANK,EQ,263.33,267.36,259.69,263.72,263.72,268.84,209354,55183620.86,31-OCT-2024,1170,INE59966401011
COASTBANK,EQ,262.88,264.23,262.25,263.61,263.61,263.72,689380,181557414.73,01-NOV-2024,3836,INE59966401011
COASTBANK,EQ,270.55,273.39,267.76,270.6,270.6,263.61,632521,171149640.58,04-NOV-2024,3521,INE59966401011
COASTBANK,EQ,262.94,263.72,262.36,263.14,263.14,270.6,231143,60807559.49,05-NOV-2024,1291,INE59966401011
COASTBANK,EQ,254.78,261.7,246.85,253.74,253.74,263.14,653205,165977213.15,06-NOV-2024,3635,INE59966401011
COASTBANK,EQ,255.58,259.48,251.02,254.91,254.91,253.74,359487,91718314.89,07-NOV-2024,2004,INE59966401011
COASTBANK,EQ,260.15,266.42,255.62,261.86,261.86,254.91,643049,168028703.7,08-NOV-2024,3579,INE59966401011
COASTBANK,EQ,265.66,266.32,263.55,264.21,264.21,261.86,327834,86775474.24,11-NOV-2024,1828,INE59966401011
COASTBANK,EQ,266.03,266.63,265.23,265.83,265.83,264.21,103257,27455692.11,12-NOV-2024,580,INE59966401011
COASTBANK,EQ,271.92,273.02,270.89,271.99,271.99,265.83,503155,136841388.17,13-NOV-2024,2802,INE59966401011
COASTBANK,EQ,272.93,275.11,271.15,273.33,273.33,271.99,232522,63524235.33,14-NOV-2024,1298,INE59966401011
COASTBANK,EQ,265.48,268.26,263.69,266.46,266.46,273.33,411470,109507254.23,15-NOV-2024,2292,INE59966401011
COASTBANK,EQ,255.91,258.77,253.42,256.27,256.27,266.46,239071,61238833.55,18-NOV-2024,1335,INE59966401011
COASTBANK,EQ,255.95,264.49,249.48,257.97,257.97,256.27,347303,89365692.61,19-NOV-2024,1936,INE59966401011
COASTBANK,EQ,270.82,273.63,266.44,269.23,269.23,257.97,718670,193873210.33,20-NOV-2024,3999,INE59966401011
COASTBANK,EQ,268.19,272.09,264.76,268.66,268.66,269.23,661765,177686108.38,21-NOV-2024,3683,INE59966401011
COASTBANK,EQ,275.03,280.15,271.14,276.23,276.23,268.66,201902,55692647.68,22-NOV-2024,1128,INE59966401011
COASTBANK,EQ,272.62,273.95,269.76,271.08,271.08,276.23,230093,62492491.82,25-NOV-2024,1285,INE59966401011
COASTBANK,EQ,263.08,265.08,260.62,262.62,262.62,271.08,159787,41987762.61,26-NOV-2024,894,INE59966401011
COASTBANK,EQ,258.88,260.56,257.53,259.21,259.21,262.62,679930,176169863.0,27-NOV-2024,3784,INE59966401011
COASTBANK,EQ,263.07,264.58,260.88,262.38,262.38,259.21,521975,137077594.67,28-NOV-2024,2906,INE59966401011
COASTBANK,EQ,264.25,269.21,259.61,264.57,264.57,262.38,276707,73178855.58,29-NOV-2024,1544,INE59966401011
COASTBANK,EQ,268.78,270.88,266.96,269.06,269.06,264.57,342767,92192897.43,02-DEC-2024,1911,INE59966401011
COASTBANK,EQ,261.72,262.56,259.33,260.16,260.16,269.06,824498,214932886.97,03-DEC-2024,4587,INE59966401011
COASTBANK,EQ,262.32,264.18,260.8,262.65,262.65,260.16,462032,121303421.39,04-DEC-2024,2573,INE59966401011
COASTBANK,EQ,260.42,261.16,259.25,259.99,259.99,262.65,539023,140217849.73,05-DEC-2024,3001,INE59966401011
COASTBANK,EQ,254.88,255.42,254.14,254.67,254.67,259.99,552423,140726076.43,06-DEC-2024,3076,INE59966401011
COASTBANK,EQ,258.28,259.35,256.57,257.64,257.64,254.67,774329,199663313.75,09-DEC-2024,4308,INE59966401011
COASTBANK,EQ,265.72,269.77,263.17,267.2,267.2,257.64,266608,71107908.37,10-DEC-2024,1488,INE59966401011
COASTBANK,EQ,269.25,270.85,268.13,269.73,269.73,267.2,226415,61034691.55,11-DEC-2024,1264,INE59966401011
COASTBANK,EQ,274.81,277.43,273.49,276.1,276.1,269.73,192642,53106262.28,12-DEC-2024,1077,INE59966401011
COASTBANK,EQ,266.53,269.18,264.99,267.64,267.64,276.1,287948,76959861.96,13-DEC-2024,1606,INE59966401011
COASTBANK,EQ,271.47,272.32,270.37,271.22,271.22,267.64,154303,41862918.24,16-DEC-2024,864,INE59966401011
COASTBANK,EQ,260.63,264.64,257.31,261.31,261.31,271.22,361524,94389096.08,17-DEC-2024,2015,INE59966401011
COASTBANK,EQ,261.69,265.36,258.3,261.97,261.97,261.31,661984,173358163.31,18-DEC-2024,3684,INE59966401011
COASTBANK,EQ,259.43,264.23,255.65,260.44,260.44,261.97,504364,131188438.83,19-DEC-2024,2809,INE59966401011
COASTBANK,EQ,264.86,265.52,263.13,263.78,263.78,260.44,125229,33078405.49,20-DEC-2024,702,INE59966401011
COASTBANK,EQ,266.92,271.07,263.3,267.43,267.43,263.78,236637,63245182.2,23-DEC-2024,1321,INE59966401011
COASTBANK,EQ,270.04,273.5,267.55,271.0,271.0,267.43,529291,143270252.18,24-DEC-2024,2947,INE59966401011
COASTBANK,EQ,280.91,283.51,276.62,279.2,279.2,271.0,622465,174151182.82,25-DEC-2024,3465,INE59966401011
COASTBANK,EQ,280.75,284.71,278.84,282.79,282.79,279.2,293381,82766691.85,26-DEC-2024,1636,INE59966401011
COASTBANK,EQ,278.5,282.69,275.92,280.09,280.09,282.79,260001,72687612.9,27-DEC-2024,1451,INE59966401011
DECCANMOT,EQ,390.71,391.51,389.78,390.58,390.58,391.41,741791,289760873.06,01-JAN-2024,4128,INE81552801011
DECCANMOT,EQ,377.26,382.74,372.64,378.11,378.11,390.58,1319495,498544795.85,02-JAN-2024,7337,INE81552801011
DECCANMOT,EQ,373.09,383.11,364.69,374.68,374.68,378.11,326695,122236201.2,03-JAN-2024,1821,INE81552801011
DECCANMOT,EQ,369.93,374.19,368.06,372.31,372.31,374.68,582824,216530772.48,04-JAN-2024,3244,INE81552801011
DECCANMOT,EQ,381.42,387.43,377.13,383.12,383.12,372.31,427021,163361153.76,05-JAN-2024,2379,INE81552801011
DECCANMOT,EQ,396.74,401.96,390.46,395.67,395.67,383.12,306931,121553883.93,08-JAN-2024,1712,INE81552801011
DECCANMOT,EQ,390.89,402.41,382.72,394.17,394.17,395.67,252584,99290770.4,09-JAN-2024,1410,INE81552801011
DECCANMOT,EQ,396.07,399.65,389.89,393.44,393.44,394.17,213475,84178885.17,10-JAN-2024,1192,INE81552801011
DECCANMOT,EQ,414.03,419.41,407.62,412.98,412.98,393.44,961295,397338470.98,11-JAN-2024,5347,INE81552801011
DECCANMOT,EQ,430.77,435.18,423.26,427.64,427.64,412.98,407364,174634231.04,12-JAN-2024,2270,INE81552801011
DECCANMOT,EQ,431.9,434.11,427.46,429.66,429.66,427.64,932825,401497208.25,15-JAN-2024,5189,INE81552801011
DECCANMOT,EQ,432.86,437.47,429.18,433.77,433.77,429.66,619160,268389349.07,16-JAN-2024,3446,INE81552801011
DECCANMOT,EQ,439.83,444.99,433.95,439.11,439.11,433.77,681585,299454369.75,17-JAN-2024,3793,INE81552801011
DECCANMOT,EQ,439.17,446.25,437.73,444.79,444.79,439.11,520442,230515905.45,18-JAN-2024,2898,INE81552801011
DECCANMOT,EQ,435.42,446.34,426.0,436.9,436.9,444.79,501391,218813717.61,19-JAN-2024,2792,INE81552801011
DECCANMOT,EQ,439.4,445.71,432.74,439.04,439.04,436.9,166154,72968744.49,22-JAN-2024,930,INE81552801011
DECCANMOT,EQ,447.23,452.25,442.2,447.22,447.22,439.04,228752,102303231.95,23-JAN-2024,1277,INE81552801011
DECCANMOT,EQ,430.02,437.66,422.19,429.83,429.83,447.22,496702,213528878.45,24-JAN-2024,2766,INE81552801011
DECCANMOT,EQ,423.75,429.47,418.07,423.79,423.79,429.83,177455,75201288.38,25-JAN-2024,992,INE81552801011
DECCANMOT,EQ,423.67,430.08,415.86,422.24,422.24,423.79,286490,121106962.73,26-JAN-2024,1598,INE81552801011
DECCANMOT,EQ,425.02,426.98,421.84,423.79,423.79,422.24,637679,270505557.4,29-JAN-2024,3549,INE81552801011
DECCANMOT,EQ,423.68,426.39,420.08,422.78,422.78,423.79,466334,197298143.17,30-JAN-2024,2597,INE81552801011
DECCANMOT,EQ,411.74,421.06,404.02,413.31,413.31,422.78,355200,146625376.0,31-JAN-2024,1980,INE81552801011
DECCANMOT,EQ,413.82,418.94,411.8,416.91,416.91,413.31,644333,267967355.82,01-FEB-2024,3586,INE81552801011
DECCANMOT,EQ,418.16,422.58,414.15,418.55,418.55,416.91,232836,97424791.36,02-FEB-2024,1300,INE81552801011
DECCANMOT,EQ,394.0,396.49,390.95,393.44,393.44,418.55,295581,116348563.76,05-FEB-2024,1649,INE81552801011
DECCANMOT,EQ,384.76,390.49,379.65,385.36,385.36,393.44,327940,126311556.67,06-FEB-2024,1828,INE81552801011
DECCANMOT,EQ,390.1,393.96,387.77,391.62,391.62,385.36,763316,298545609.53,07-FEB-2024,4247,INE81552801011
DECCANMOT,EQ,398.57,401.29,394.45,397.16,397.16,391.62,304843,121215738.23,08-FEB-2024,1700,INE81552801011
DECCANMOT,EQ,400.29,407.37,392.68,399.75,399.75,397.16,314257,125681849.53,09-FEB-2024,1752,INE81552801011
DECCANMOT,EQ,388.14,391.14,385.97,388.97,388.97,399.75,990162,384869368.32,12-FEB-2024,5507,INE81552801011
DECCANMOT,EQ,381.86,387.27,376.7,382.1,382.1,388.97,611476,233598099.77,13-FEB-2024,3404,INE81552801011
DECCANMOT,EQ,386.45,393.77,377.58,384.86,384.86,382.1,203738,78521304.33,14-FEB-2024,1138,INE81552801011
DECCANMOT,EQ,381.9,386.61,376.13,380.83,380.83,384.86,466545,177842288.55,15-FEB-2024,2598,INE81552801011
DECCANMOT,EQ,381.12,383.49,378.74,381.11,381.11,380.83,291972,111274422.16,16-FEB-2024,1629,INE81552801011
DECCANMOT,EQ,375.07,377.89,372.69,375.5,375.5,381.11,1294405,485867860.8,19-FEB-2024,7198,INE81552801011
DECCANMOT,EQ,376.34,382.81,368.88,375.35,375.35,375.5,551518,207194282.24,20-FEB-2024,3070,INE81552801011
DECCANMOT,EQ,381.38,384.31,379.04,381.96,381.96,375.35,1320388,504084526.76,21-FEB-2024,7342,INE81552801011
DECCANMOT,EQ,399.37,407.42,390.68,398.71,398.71,381.96,393974,157170674.31,22-FEB-2024,2195,INE81552801011
DECCANMOT,EQ,386.04,390.98,380.47,385.4,385.4,398.71,304913,117579534.68,23-FEB-2024,1700,INE81552801011
DECCANMOT,EQ,404.46,413.85,398.53,407.87,407.87,385.4,556439,226331563.25,26-FEB-2024,3098,INE81552801011
DECCANMOT,EQ,402.84,408.75,397.05,402.95,402.95,407.87,559540,225447991.67,27-FEB-2024,3115,INE81552801011
DECCANMOT,EQ,431.32,433.41,427.39,429.47,429.47,402.95,1288381,554119784.29,28-FEB-2024,7164,INE81552801011
DECCANMOT,EQ,397.85,400.66,394.04,396.85,396.85,429.47,1583009,628744791.32,29-FEB-2024,8801,INE81552801011
DECCANMOT,EQ,415.64,418.32,413.23,415.91,415.91,396.85,1150653,478464530.46,01-MAR-2024,6399,INE81552801011
DECCANMOT,EQ,413.13,420.99,403.73,411.56,411.56,415.91,162788,67083849.55,04-MAR-2024,911,INE81552801011
DECCANMOT,EQ,391.0,393.29,387.38,389.67,389.67,411.56,243008,94800660.91,05-MAR-2024,1357,INE81552801011
DECCANMOT,EQ,378.78,387.25,370.97,379.43,379.43,389.67,813813,308611453.15,06-MAR-2024,4528,INE81552801011
DECCANMOT,EQ,384.75,390.65,379.65,385.55,385.55,379.43,200285,77166472.42,07-MAR-2024,1119,INE81552801011
DECCANMOT,EQ,384.89,389.83,379.51,384.44,384.44,385.55,530466,204013687.16,08-MAR-2024,2954,INE81552801011
DECCANMOT,EQ,383.38,384.87,382.01,383.51,383.51,384.44,493148,189104175.91,11-MAR-2024,2746,INE81552801011
DECCANMOT,EQ,388.49,395.64,380.81,387.95,387.95,383.51,426338,165475989.07,12-MAR-2024,2375,INE81552801011
DECCANMOT,EQ,379.37,385.53,373.7,379.85,379.85,387.95,245047,93042712.25,13-MAR-2024,1368,INE81552801011
DECCANMOT,EQ,385.5,388.92,380.7,384.11,384.11,379.85,1530763,588695732.0,14-MAR-2024,8511,INE81552801011
DECCANMOT,EQ,383.3,387.4,379.95,384.05,384.05,384.11,825020,316642676.0,15-MAR-2024,4590,INE81552801011
DECCANMOT,EQ,394.28,398.1,389.16,392.97,392.97,384.05,440678,173367131.98,18-MAR-2024,2455,INE81552801011
DECCANMOT,EQ,394.37,397.18,391.89,394.7,394.7,392.97,1058820,417799783.8,19-MAR-2024,5889,INE81552801011
DECCANMOT,EQ,406.89,411.12,402.85,407.07,407.07,394.7,586648,238773557.97,20-MAR-2024,3266,INE81552801011
DECCANMOT,EQ,403.45,405.61,401.44,403.6,403.6,407.07,1033827,417200885.85,21-MAR-2024,5750,INE81552801011
DECCANMOT,EQ,435.39,438.52,431.85,434.98,434.98,403.6,478841,208351699.78,22-MAR-2024,2667,INE81552801011
DECCANMOT,EQ,453.65,455.45,448.98,450.76,450.76,434.98,512702,231602874.46,25-MAR-2024,2855,INE81552801011
DECCANMOT,EQ,441.19,445.1,438.13,442.03,442.03,450.76,908775,401454385.5,26-MAR-2024,5055,INE81552801011
DECCANMOT,EQ,428.08,433.45,422.05,427.4,427.4,442.03,334499,143042922.37,27-MAR-2024,1865,INE81552801011
DECCANMOT,EQ,428.44,439.35,418.93,429.8,429.8,427.4,565976,243007455.36,28-MAR-2024,3151,INE81552801011
DECCANMOT,EQ,431.35,434.1,429.96,432.7,432.7,429.8,513257,221857049.11,29-MAR-2024,2858,INE81552801011
DECCANMOT,EQ,423.64,425.63,422.73,424.71,424.71,432.7,470833,199801122.44,01-APR-2024,2622,INE81552801011
DECCANMOT,EQ,430.13,432.71,425.95,428.52,428.52,424.71,499210,214191042.6,02-APR-2024,2780,INE81552801011
DECCANMOT,EQ,453.3,460.5,443.71,450.88,450.88,428.52,771946,348685435.05,03-APR-2024,4295,INE81552801011
DECCANMOT,EQ,452.05,461.06,441.54,450.51,450.51,450.88,320426,144523874.95,04-APR-2024,1787,INE81552801011
DECCANMOT,EQ,459.98,462.74,456.27,459.02,459.02,450.51,327891,150614544.91,05-APR-2024,1828,INE81552801011
DECCANMOT,EQ,474.94,481.0,469.14,475.2,475.2,459.02,399849,189973591.22,08-APR-2024,2228,INE81552801011
DECCANMOT,EQ,468.09,469.86,466.17,467.95,467.95,475.2,384473,179930800.85,09-APR-2024,2142,INE81552801011
DECCANMOT,EQ,480.79,483.92,478.63,481.76,481.76,467.95,310144,149314693.55,10-APR-2024,1730,INE81552801011
DECCANMOT,EQ,471.15,473.75,465.98,468.57,468.57,481.76,187189,87872756.23,11-APR-2024,1046,INE81552801011
DECCANMOT,EQ,473.28,475.11,470.3,472.13,472.13,468.57,267281,126293836.25,12-APR-2024,1491,INE81552801011
DECCANMOT,EQ,476.64,485.28,468.35,476.98,476.98,472.13,271935,129677643.45,15-APR-2024,1517,INE81552801011
DECCANMOT,EQ,468.94,474.98,463.61,469.63,469.63,476.98,725902,340743238.15,16-APR-2024,4039,INE81552801011
DECCANMOT,EQ,490.24,492.23,487.17,489.16,489.16,469.63,658108,322157028.16,17-APR-2024,3663,INE81552801011
DECCANMOT,EQ,494.47,505.59,482.8,493.91,493.91,489.16,780925,385855042.5,18-APR-2024,4345,INE81552801011
DECCANMOT,EQ,500.67,507.59,494.03,500.94,500.94,493.91,473132,236969739.31,19-APR-2024,2635,INE81552801011
DECCANMOT,EQ,506.72,514.74,500.63,508.63,508.63,500.94,652563,331502004.0,22-APR-2024,3632,INE81552801011
DECCANMOT,EQ,509.05,513.89,505.61,510.43,510.43,508.63,586571,299137523.34,23-APR-2024,3265,INE81552801011
DECCANMOT,EQ,515.54,524.09,507.24,515.79,515.79,510.43,262966,135613319.31,24-APR-2024,1467,INE81552801011
DECCANMOT,EQ,507.45,509.89,504.4,506.83,506.83,515.79,947845,480595328.8,25-APR-2024,5272,INE81552801011
DECCANMOT,EQ,533.58,542.37,527.1,535.86,535.86,506.83,424697,227259611.67,26-APR-2024,2366,INE81552801011
DECCANMOT,EQ,526.49,527.96,520.97,522.43,522.43,535.86,368971,193262090.19,29-APR-2024,2056,INE81552801011
DECCANMOT,EQ,522.09,526.54,515.44,519.87,519.87,522.43,805117,419157328.82,30-APR-2024,4479,INE81552801011
DECCANMOT,EQ,499.91,501.75,496.74,498.58,498.58,519.87,286375,142907807.08,01-MAY-2024,1597,INE81552801011
DECCANMOT,EQ,493.95,500.28,485.95,492.26,492.26,498.58,573542,282658703.86,02-MAY-2024,3193,INE81552801011
DECCANMOT,EQ,485.25,491.45,476.71,482.87,482.87,492.26,641458,310258267.25,03-MAY-2024,3570,INE81552801011
DECCANMOT,EQ,495.76,497.61,493.44,495.29,495.29,482.87,655865,324946128.03,06-MAY-2024,3650,INE81552801011
DECCANMOT,EQ,482.54,491.34,474.08,482.87,482.87,495.29,511967,247158895.48,07-MAY-2024,2851,INE81552801011
DECCANMOT,EQ,474.92,479.67,467.45,472.18,472.18,482.87,575391,272217482.1,08-MAY-2024,3203,INE81552801011
DECCANMOT,EQ,482.29,483.68,478.83,480.21,480.21,472.18,367616,176788985.17,09-MAY-2024,2049,INE81552801011
DECCANMOT,EQ,471.73,476.03,470.26,474.55,474.55,480.21,376227,178186123.56,10-MAY-2024,2097,INE81552801011
DECCANMOT,EQ,475.66,489.43,460.36,474.08,474.08,474.55,276660,131309291.4,13-MAY-2024,1544,INE81552801011
DECCANMOT,EQ,446.66,447.55,445.11,446.0,446.0,474.08,531139,237004844.58,14-MAY-2024,2957,INE81552801011
DECCANMOT,EQ,441.5,446.7,436.59,441.78,441.78,446.0,350607,154859605.83,15-MAY-2024,1954,INE81552801011
DECCANMOT,EQ,457.97,462.28,452.23,456.53,456.53,441.78,750980,343207873.07,16-MAY-2024,4179,INE81552801011
DECCANMOT,EQ,458.67,461.17,455.53,458.03,458.03,456.53,700059,320797369.69,17-MAY-2024,3896,INE81552801011
DECCANMOT,EQ,465.06,472.86,457.8,465.6,465.6,458.03,224575,104521696.5,20-MAY-2024,1254,INE81552801011
DECCANMOT,EQ,463.68,465.08,460.65,462.04,462.04,465.6,652685,301925554.15,21-MAY-2024,3633,INE81552801011
DECCANMOT,EQ,465.76,474.13,454.48,462.8,462.8,462.04,1131731,524900610.24,22-MAY-2024,6294,INE81552801011
DECCANMOT,EQ,455.31,461.67,444.04,450.33,450.33,462.8,477102,215656465.36,23-MAY-2024,2657,INE81552801011
DECCANMOT,EQ,462.82,465.45,460.64,463.27,463.27,450.33,308892,143054063.04,24-MAY-2024,1723,INE81552801011
DECCANMOT,EQ,468.88,471.93,466.62,469.66,469.66,463.27,608473,285619254.44,27-MAY-2024,3387,INE81552801011
DECCANMOT,EQ,489.71,495.3,487.26,492.83,492.83,469.66,324158,159419823.87,28-MAY-2024,1807,INE81552801011
DECCANMOT,EQ,478.1,479.8,477.09,478.79,478.79,492.83,585441,280168644.96,29-MAY-2024,3259,INE81552801011
DECCANMOT,EQ,473.46,479.4,468.06,474.0,474.0,478.79,476155,225611762.1,30-MAY-2024,2652,INE81552801011
DECCANMOT,EQ,481.15,493.01,470.42,482.25,482.25,474.0,668591,322189545.63,31-MAY-2024,3721,INE81552801011
DECCANMOT,EQ,497.3,503.63,491.05,497.37,497.37,482.25,481112,239281053.2,03-JUN-2024,2679,INE81552801011
DECCANMOT,EQ,483.17,484.69,479.25,480.77,480.77,497.37,590216,284230319.12,04-JUN-2024,3285,INE81552801011
DECCANMOT,EQ,472.14,477.72,470.09,475.65,475.65,480.77,387649,183934281.85,05-JUN-2024,2160,INE81552801011
DECCANMOT,EQ,482.98,490.93,471.89,479.79,479.79,475.65,598900,287993043.0,06-JUN-2024,3334,INE81552801011
DECCANMOT,EQ,494.47,502.47,487.44,495.43,495.43,479.79,1138389,563631572.42,07-JUN-2024,6331,INE81552801011
DECCANMOT,EQ,480.95,492.02,471.56,482.6,482.6,495.43,803545,387356902.7,10-JUN-2024,4471,INE81552801011
DECCANMOT,EQ,508.27,510.06,503.7,505.47,505.47,482.6,407099,206159004.59,11-JUN-2024,2268,INE81552801011
DECCANMOT,EQ,499.69,512.88,484.36,497.49,497.49,505.47,311706,155305436.46,12-JUN-2024,1738,INE81552801011
DECCANMOT,EQ,485.74,491.95,481.69,487.89,487.89,497.49,283017,137879278.67,13-JUN-2024,1579,INE81552801011
DECCANMOT,EQ,487.85,492.18,483.38,487.71,487.71,487.89,531419,259203160.04,14-JUN-2024,2959,INE81552801011
DECCANMOT,EQ,487.06,489.9,485.73,488.57,488.57,487.71,446331,217839283.4,17-JUN-2024,2486,INE81552801011
DECCANMOT,EQ,487.07,494.14,480.66,487.72,487.72,488.57,1942890,947171827.6,18-JUN-2024,10800,INE81552801011
DECCANMOT,EQ,505.01,508.37,502.13,505.49,505.49,487.72,361750,182803127.5,19-JUN-2024,2016,INE81552801011
DECCANMOT,EQ,483.43,493.1,472.2,481.84,481.84,505.49,666152,321338401.76,20-JUN-2024,3707,INE81552801011
DECCANMOT,EQ,480.74,491.91,470.64,481.78,481.78,481.84,913670,439880330.37,21-JUN-2024,5082,INE81552801011
DECCANMOT,EQ,468.92,474.47,461.81,467.34,467.34,481.78,389490,182231984.6,24-JUN-2024,2170,INE81552801011
DECCANMOT,EQ,464.64,475.25,455.97,466.54,466.54,467.34,246475,114837632.0,25-JUN-2024,1376,INE81552801011
DECCANMOT,EQ,472.0,474.15,467.27,469.41,469.41,466.54,437429,205712652.02,26-JUN-2024,2437,INE81552801011
DECCANMOT,EQ,479.44,483.72,476.16,480.43,480.43,469.41,342803,164580862.98,27-JUN-2024,1911,INE81552801011
DECCANMOT,EQ,488.54,502.78,475.14,489.35,489.35,480.43,335958,164313698.22,28-JUN-2024,1873,INE81552801011
DECCANMOT,EQ,491.86,503.19,478.4,489.68,489.68,489.35,551785,270608238.98,01-JUL-2024,3072,INE81552801011
DECCANMOT,EQ,476.28,484.5,467.98,476.19,476.19,489.68,414364,197329805.29,02-JUL-2024,2309,INE81552801011
DECCANMOT,EQ,480.5,484.72,476.08,480.3,480.3,476.19,578899,278083782.97,03-JUL-2024,3223,INE81552801011
DECCANMOT,EQ,467.36,470.94,464.16,467.74,467.74,480.3,248428,116168245.17,04-JUL-2024,1387,INE81552801011
DECCANMOT,EQ,484.76,489.3,479.07,483.6,483.6,467.74,260807,126227979.93,05-JUL-2024,1455,INE81552801011
DECCANMOT,EQ,522.93,536.8,509.3,523.15,523.15,483.6,984315,514878771.25,08-JUL-2024,5475,INE81552801011
DECCANMOT,EQ,519.85,527.26,516.16,523.54,523.54,523.15,387174,202228723.68,09-JUL-2024,2157,INE81552801011
DECCANMOT,EQ,515.0,522.33,511.21,518.52,518.52,523.54,369963,191401591.26,10-JUL-2024,2062,INE81552801011
DECCANMOT,EQ,515.1,517.4,509.86,512.15,512.15,518.52,603431,309642571.9,11-JUL-2024,3359,INE81552801011
DECCANMOT,EQ,532.55,538.05,527.78,533.27,533.27,512.15,274586,146363490.87,12-JUL-2024,1532,INE81552801011
DECCANMOT,EQ,520.42,526.31,514.93,520.82,520.82,533.27,454429,236615121.25,15-JUL-2024,2531,INE81552801011
DECCANMOT,EQ,532.59,537.67,527.27,532.35,532.35,520.82,430631,229280863.33,16-JUL-2024,2399,INE81552801011
DECCANMOT,EQ,548.36,557.96,539.74,549.33,549.33,532.35,1007196,552960675.96,17-JUL-2024,5602,INE81552801011
DECCANMOT,EQ,534.19,536.53,530.9,533.24,533.24,549.33,453307,241864971.9,18-JUL-2024,2525,INE81552801011
DECCANMOT,EQ,567.54,572.37,561.45,566.27,566.27,533.24,806260,456904854.47,19-JUL-2024,4486,INE81552801011
DECCANMOT,EQ,564.45,571.23,559.57,566.33,566.33,566.27,247186,139835592.06,22-JUL-2024,1380,INE81552801011
DECCANMOT,EQ,553.39,560.7,545.18,552.48,552.48,566.33,498793,275726119.83,23-JUL-2024,2778,INE81552801011
DECCANMOT,EQ,545.13,548.73,543.07,546.66,546.66,552.48,902186,492731891.19,24-JUL-2024,5019,INE81552801011
DECCANMOT,EQ,539.38,546.34,533.93,540.88,540.88,546.66,401519,216974175.62,25-JUL-2024,2237,INE81552801011
DECCANMOT,EQ,545.18,557.22,534.14,546.15,546.15,540.88,458427,250226265.59,26-JUL-2024,2553,INE81552801011
DECCANMOT,EQ,539.56,542.1,535.61,538.14,538.14,546.15,204296,110037230.53,29-JUL-2024,1141,INE81552801011
DECCANMOT,EQ,552.42,557.25,547.75,552.58,552.58,538.14,430661,237951686.79,30-JUL-2024,2399,INE81552801011
DECCANMOT,EQ,570.86,580.0,560.15,569.26,569.26,552.58,600488,342160064.03,31-JUL-2024,3343,INE81552801011
DECCANMOT,EQ,562.3,564.16,558.14,560.0,560.0,569.26,384803,215784695.63,01-AUG-2024,2144,INE81552801011
DECCANMOT,EQ,523.63,533.34,516.06,525.74,525.74,560.0,478611,251293110.18,02-AUG-2024,2665,INE81552801011
DECCANMOT,EQ,527.8,530.74,521.32,524.25,524.25,525.74,249364,131024988.95,05-AUG-2024,1392,INE81552801011
DECCANMOT,EQ,527.84,538.13,519.37,529.64,529.64,524.25,471771,249588874.98,06-AUG-2024,2627,INE81552801011
DECCANMOT,EQ,537.24,549.06,526.0,537.81,537.81,529.64,739410,397524068.9,07-AUG-2024,4114,INE81552801011
DECCANMOT,EQ,515.75,518.56,509.01,511.8,511.8,537.81,197352,101265916.08,08-AUG-2024,1103,INE81552801011
DECCANMOT,EQ,520.25,523.36,515.29,518.39,518.39,511.8,340463,176704836.51,09-AUG-2024,1898,INE81552801011
DECCANMOT,EQ,514.7,519.1,513.15,517.55,517.55,518.39,248161,128199972.6,12-AUG-2024,1385,INE81552801011
DECCANMOT,EQ,525.62,537.58,509.44,521.3,521.3,517.55,277839,145246820.16,13-AUG-2024,1550,INE81552801011
DECCANMOT,EQ,505.2,515.06,494.44,504.29,504.29,521.3,559564,282354129.19,14-AUG-2024,3115,INE81552801011
DECCANMOT,EQ,498.07,503.76,491.67,497.35,497.35,504.29,468019,232883134.27,15-AUG-2024,2607,INE81552801011
DECCANMOT,EQ,485.11,489.17,481.91,485.96,485.96,497.35,365388,177461643.84,16-AUG-2024,2036,INE81552801011
DECCANMOT,EQ,485.03,490.51,481.95,487.41,487.41,485.96,404026,196608478.87,19-AUG-2024,2251,INE81552801011
DECCANMOT,EQ,491.32,498.36,487.2,494.21,494.21,487.41,556893,274691184.87,20-AUG-2024,3100,INE81552801011
DECCANMOT,EQ,508.7,523.25,492.08,506.56,506.56,494.21,164270,83333623.43,21-AUG-2024,919,INE81552801011
DECCANMOT,EQ,499.58,505.12,498.12,503.64,503.64,506.56,352025,176819810.67,22-AUG-2024,1962,INE81552801011
DECCANMOT,EQ,521.88,524.75,516.34,519.2,519.2,503.64,452481,235333859.83,23-AUG-2024,2520,INE81552801011
DECCANMOT,EQ,546.84,555.08,542.45,550.66,550.66,519.2,165794,91086670.95,26-AUG-2024,928,INE81552801011
DECCANMOT,EQ,561.77,578.96,546.05,563.2,563.2,550.66,461763,259850971.41,27-AUG-2024,2572,INE81552801011
DECCANMOT,EQ,588.98,601.69,572.1,584.73,584.73,563.2,399147,233969327.48,28-AUG-2024,2224,INE81552801011
DECCANMOT,EQ,595.35,608.73,584.05,597.39,597.39,584.73,498391,297401538.82,29-AUG-2024,2775,INE81552801011
DECCANMOT,EQ,591.24,598.71,583.91,591.38,591.38,597.39,233664,138173312.0,30-AUG-2024,1305,INE81552801011
DECCANMOT,EQ,570.08,575.19,567.07,572.17,572.17,591.38,694743,397029413.83,02-SEP-2024,3866,INE81552801011
DECCANMOT,EQ,580.74,582.23,578.53,580.01,580.01,572.17,741431,430220280.62,03-SEP-2024,4126,INE81552801011
DECCANMOT,EQ,564.22,571.74,555.75,563.25,563.25,580.01,607364,342298203.12,04-SEP-2024,3381,INE81552801011
DECCANMOT,EQ,536.69,542.72,531.87,537.89,537.89,563.25,491364,264104874.24,05-SEP-2024,2736,INE81552801011
DECCANMOT,EQ,533.86,548.48,522.5,537.05,537.05,537.89,370074,198363364.74,06-SEP-2024,2062,INE81552801011
DECCANMOT,EQ,548.33,552.77,543.53,547.97,547.97,537.05,267445,146583930.05,09-SEP-2024,1492,INE81552801011
DECCANMOT,EQ,558.21,568.07,551.36,561.19,561.19,547.97,394461,220979681.94,10-SEP-2024,2198,INE81552801011
DECCANMOT,EQ,545.92,552.85,537.33,544.24,544.24,561.19,663822,361654651.08,11-SEP-2024,3694,INE81552801011
DECCANMOT,EQ,549.05,558.23,537.46,546.6,546.6,544.24,292157,159935506.51,12-SEP-2024,1630,INE81552801011
DECCANMOT,EQ,540.24,545.89,537.85,543.49,543.49,546.6,155832,84524835.12,13-SEP-2024,872,INE81552801011
DECCANMOT,EQ,547.98,553.01,542.88,547.9,547.9,543.49,441382,241846439.26,16-SEP-2024,2459,INE81552801011
DECCANMOT,EQ,538.22,541.51,532.52,535.79,535.79,547.9,155456,83418725.97,17-SEP-2024,870,INE81552801011
DECCANMOT,EQ,538.99,543.74,536.15,540.89,540.89,535.79,416021,224759505.46,18-SEP-2024,2318,INE81552801011
DECCANMOT,EQ,554.98,560.22,548.99,554.23,554.23,540.89,260609,144502478.32,19-SEP-2024,1454,INE81552801011
DECCANMOT,EQ,562.1,573.57,547.09,558.48,558.48,554.23,483434,270584455.59,20-SEP-2024,2692,INE81552801011
DECCANMOT,EQ,557.4,561.09,554.06,557.74,557.74,558.48,652714,363972907.82,23-SEP-2024,3633,INE81552801011
DECCANMOT,EQ,544.92,552.93,538.93,546.92,546.92,557.74,318918,174212146.68,24-SEP-2024,1778,INE81552801011
DECCANMOT,EQ,534.08,536.16,528.45,530.52,530.52,546.92,616256,327669477.76,25-SEP-2024,3430,INE81552801011
DECCANMOT,EQ,533.61,535.29,530.96,532.64,532.64,530.52,317273,169094875.66,26-SEP-2024,1769,INE81552801011
DECCANMOT,EQ,526.47,530.13,523.7,527.35,527.35,532.64,489626,258062279.56,27-SEP-2024,2727,INE81552801011
DECCANMOT,EQ,526.56,531.67,519.67,524.77,524.77,527.35,407009,213830318.33,30-SEP-2024,2268,INE81552801011
DECCANMOT,EQ,526.05,540.18,514.23,528.3,528.3,524.77,326590,172299086.3,01-OCT-2024,1821,INE81552801011
DECCANMOT,EQ,533.78,542.29,530.3,538.79,538.79,528.3,329637,177056823.02,02-OCT-2024,1838,INE81552801011
DECCANMOT,EQ,527.01,531.63,521.29,525.9,525.9,538.79,313304,164883540.43,03-OCT-2024,1747,INE81552801011
DECCANMOT,EQ,530.82,531.99,526.44,527.6,527.6,525.9,448779,237258985.79,04-OCT-2024,2500,INE81552801011
DECCANMOT,EQ,535.22,540.3,530.35,535.44,535.44,527.6,434191,232449941.06,07-OCT-2024,2419,INE81552801011
DECCANMOT,EQ,525.22,527.87,522.32,524.97,524.97,535.44,422222,221689068.51,08-OCT-2024,2352,INE81552801011
DECCANMOT,EQ,507.97,516.25,498.91,507.18,507.18,524.97,385664,195703911.25,09-OCT-2024,2149,INE81552801011
DECCANMOT,EQ,506.3,511.02,502.34,507.05,507.05,507.18,176545,89473594.48,10-OCT-2024,987,INE81552801011
DECCANMOT,EQ,502.84,506.53,498.39,502.08,502.08,507.05,861731,432876205.67,11-OCT-2024,4794,INE81552801011
DECCANMOT,EQ,518.54,537.85,501.06,520.31,520.31,502.08,340662,177055667.88,14-OCT-2024,1899,INE81552801011
DECCANMOT,EQ,531.11,535.96,526.5,531.34,531.34,520.31,273841,145482595.27,15-OCT-2024,1528,INE81552801011
DECCANMOT,EQ,540.22,553.8,529.69,543.21,543.21,531.34,463199,251161937.77,16-OCT-2024,2580,INE81552801011
DECCANMOT,EQ,520.32,528.84,512.71,521.21,521.21,543.21,709626,369658375.92,17-OCT-2024,3949,INE81552801011
DECCANMOT,EQ,497.84,503.01,491.25,496.4,496.4,521.21,368232,182969571.04,18-OCT-2024,2052,INE81552801011
DECCANMOT,EQ,503.2,518.83,486.07,501.65,501.65,496.4,305371,153352226.68,21-OCT-2024,1703,INE81552801011
DECCANMOT,EQ,489.32,495.9,482.95,489.52,489.52,501.65,190166,93078016.47,22-OCT-2024,1063,INE81552801011
DECCANMOT,EQ,472.08,475.49,469.39,472.79,472.79,489.52,362231,171174673.92,23-OCT-2024,2019,INE81552801011
DECCANMOT,EQ,467.49,476.39,458.99,467.89,467.89,472.79,468274,219038285.33,24-OCT-2024,2608,INE81552801011
DECCANMOT,EQ,457.66,462.9,451.28,456.51,456.51,467.89,485726,221926590.31,25-OCT-2024,2705,INE81552801011
DECCANMOT,EQ,449.62,455.32,443.62,449.31,449.31,456.51,1091307,490451554.25,28-OCT-2024,6069,INE81552801011
DECCANMOT,EQ,452.83,458.84,446.86,452.87,452.87,449.31,399493,180913068.34,29-OCT-2024,2226,INE81552801011
DECCANMOT,EQ,451.4,454.83,450.46,453.88,453.88,452.87,222076,100613012.31,30-OCT-2024,1240,INE81552801011
DECCANMOT,EQ,448.0,454.74,438.99,445.69,445.69,453.88,559099,249622794.19,31-OCT-2024,3113,INE81552801011
DECCANMOT,EQ,435.46,437.3,432.36,434.2,434.2,445.69,1149945,499789095.9,01-NOV-2024,6395,INE81552801011
DECCANMOT,EQ,455.67,457.55,454.07,455.95,455.95,434.2,576432,262770370.08,04-NOV-2024,3209,INE81552801011
DECCANMOT,EQ,460.79,468.17,455.71,463.07,463.07,455.95,269183,124447787.28,05-NOV-2024,1502,INE81552801011
DECCANMOT,EQ,479.38,486.93,469.24,476.75,476.75,463.07,303956,145181543.84,06-NOV-2024,1695,INE81552801011
DECCANMOT,EQ,479.93,486.52,471.94,478.5,478.5,476.75,539140,258240871.47,07-NOV-2024,3002,INE81552801011
DECCANMOT,EQ,482.2,487.05,477.0,481.85,481.85,478.5,634040,305586145.33,08-NOV-2024,3529,INE81552801011
DECCANMOT,EQ,478.86,482.09,475.06,478.28,478.28,481.85,159032,76093101.25,11-NOV-2024,890,INE81552801011
DECCANMOT,EQ,471.33,474.64,470.27,473.58,473.58,478.28,483941,228821823.03,12-NOV-2024,2695,INE81552801011
DECCANMOT,EQ,473.5,484.51,463.43,474.43,474.43,473.58,579593,274798565.14,13-NOV-2024,3226,INE81552801011
DECCANMOT,EQ,474.85,480.44,467.22,472.78,472.78,474.43,1172125,554977745.0,14-NOV-2024,6518,INE81552801011
DECCANMOT,EQ,460.58,468.37,454.85,462.62,462.62,472.78,937864,433243148.59,15-NOV-2024,5217,INE81552801011
DECCANMOT,EQ,472.88,475.88,470.34,473.34,473.34,462.62,552232,261308819.31,18-NOV-2024,3074,INE81552801011
DECCANMOT,EQ,447.34,455.0,442.16,449.8,449.8,473.34,340322,152800040.37,19-NOV-2024,1897,INE81552801011
DECCANMOT,EQ,444.69,450.78,439.82,445.89,445.89,449.8,317823,141589087.09,20-NOV-2024,1772,INE81552801011
DECCANMOT,EQ,459.07,463.6,453.1,457.62,457.62,445.89,304728,139597928.32,21-NOV-2024,1699,INE81552801011
DECCANMOT,EQ,448.51,459.71,440.99,452.13,452.13,457.62,322857,145590211.77,22-NOV-2024,1800,INE81552801011
DECCANMOT,EQ,443.33,445.76,440.35,442.78,442.78,452.13,431529,191151524.27,25-NOV-2024,2404,INE81552801011
DECCANMOT,EQ,454.07,456.33,448.48,450.72,450.72,442.78,558108,252177379.08,26-NOV-2024,3107,INE81552801011
DECCANMOT,EQ,451.58,455.48,446.38,450.27,450.27,450.72,291029,131169680.59,27-NOV-2024,1623,INE81552801011
DECCANMOT,EQ,435.78,441.37,430.24,435.83,435.83,450.27,291195,126906663.6,28-NOV-2024,1624,INE81552801011
DECCANMOT,EQ,414.14,422.01,406.86,414.72,414.72,435.83,505380,209495171.4,29-NOV-2024,2814,INE81552801011
DECCANMOT,EQ,407.15,413.68,402.69,409.19,409.19,414.72,148933,60842109.16,02-DEC-2024,834,INE81552801011
DECCANMOT,EQ,402.92,408.28,395.8,401.13,401.13,409.19,478610,192275186.03,03-DEC-2024,2665,INE81552801011
DECCANMOT,EQ,410.94,415.72,405.83,410.61,410.61,401.13,827482,339863407.04,04-DEC-2024,4604,INE81552801011
DECCANMOT,EQ,435.0,438.64,430.29,433.92,433.92,410.61,124868,54228091.27,05-DEC-2024,700,INE81552801011
DECCANMOT,EQ,429.04,434.53,421.72,427.18,427.18,433.92,293550,125583625.5,06-DEC-2024,1637,INE81552801011
DECCANMOT,EQ,429.58,430.58,428.4,429.41,429.41,427.18,253640,108929079.87,09-DEC-2024,1416,INE81552801011
DECCANMOT,EQ,445.97,454.94,435.52,444.47,444.47,429.41,232671,103533166.01,10-DEC-2024,1299,INE81552801011
DECCANMOT,EQ,447.0,458.59,436.14,447.71,447.71,444.47,90425,40463379.0,11-DEC-2024,509,INE81552801011
DECCANMOT,EQ,442.92,445.59,440.26,442.94,442.94,447.71,628474,278369988.82,12-DEC-2024,3498,INE81552801011
DECCANMOT,EQ,464.84,472.13,455.12,462.38,462.38,442.94,397021,183904097.41,13-DEC-2024,2212,INE81552801011
DECCANMOT,EQ,457.09,465.78,449.69,458.36,458.36,462.38,1212133,555088226.46,16-DEC-2024,6741,INE81552801011
DECCANMOT,EQ,465.66,474.05,459.47,467.83,467.83,458.36,109958,51363214.43,17-DEC-2024,617,INE81552801011
DECCANMOT,EQ,471.07,473.43,469.0,471.36,471.36,467.83,146695,69131974.68,18-DEC-2024,821,INE81552801011
DECCANMOT,EQ,492.5,493.63,491.11,492.24,492.24,471.36,599341,295071556.73,19-DEC-2024,3336,INE81552801011
DECCANMOT,EQ,496.23,504.17,489.09,497.03,497.03,492.24,252025,125196779.08,20-DEC-2024,1407,INE81552801011
DECCANMOT,EQ,496.52,506.83,487.38,497.67,497.67,497.03,356982,177524768.72,23-DEC-2024,1990,INE81552801011
DECCANMOT,EQ,499.78,503.33,495.12,498.67,498.67,497.67,148439,74076998.56,24-DEC-2024,831,INE81552801011
DECCANMOT,EQ,465.61,467.83,460.88,463.08,463.08,498.67,534263,247860633.59,25-DEC-2024,2975,INE81552801011
DECCANMOT,EQ,461.89,464.79,459.43,462.33,462.33,463.08,1166431,539104967.68,26-DEC-2024,6487,INE81552801011
DECCANMOT,EQ,473.39,481.94,465.68,474.21,474.21,462.33,374298,177396041.78,27-DEC-2024,2086,INE81552801011
EASTPOWER,EQ,505.54,512.66,498.37,505.49,505.49,507.63,948439,479442237.43,01-JAN-2024,5276,INE77908401011
EASTPOWER,EQ,487.2,489.08,485.71,487.59,487.59,505.49,235137,114619882.02,02-JAN-2024,1313,INE77908401011
EASTPOWER,EQ,501.83,511.27,492.74,502.18,502.18,487.59,1380433,693064793.42,03-JAN-2024,7676,INE77908401011
EASTPOWER,EQ,528.24,530.33,525.85,527.94,527.94,502.18,602736,318268717.44,04-JAN-2024,3355,INE77908401011
EASTPOWER,EQ,525.11,530.93,520.86,526.66,526.66,527.94,342330,180116929.5,05-JAN-2024,1908,INE77908401011
EASTPOWER,EQ,572.69,580.69,562.76,570.74,570.74,526.66,535305,305871492.65,08-JAN-2024,2980,INE77908401011
EASTPOWER,EQ,561.58,571.28,550.65,560.33,560.33,570.74,704284,394929600.61,09-JAN-2024,3919,INE77908401011
EASTPOWER,EQ,568.46,571.06,566.98,569.58,569.58,560.33,172828,98374849.79,10-JAN-2024,967,INE77908401011
EASTPOWER,EQ,575.95,580.55,573.63,578.23,578.23,569.58,432625,249827958.75,11-JAN-2024,2410,INE77908401011
EASTPOWER,EQ,569.39,570.58,563.69,564.87,564.87,578.23,841604,476667673.52,12-JAN-2024,4682,INE77908401011
EASTPOWER,EQ,540.37,550.5,529.14,539.25,539.25,564.87,596379,321823999.77,15-JAN-2024,3320,INE77908401011
EASTPOWER,EQ,526.75,530.74,524.29,528.27,528.27,539.25,581731,307018230.77,16-JAN-2024,3238,INE77908401011
EASTPOWER,EQ,554.09,561.23,547.41,554.55,554.55,528.27,444170,246246367.43,17-JAN-2024,2474,INE77908401011
EASTPOWER,EQ,560.81,573.45,546.39,558.99,558.99,554.55,630670,352929238.7,18-JAN-2024,3510,INE77908401011
EASTPOWER,EQ,559.08,570.55,549.86,561.3,561.3,558.99,1684804,944450578.28,19-JAN-2024,9367,INE77908401011
EASTPOWER,EQ,532.39,536.79,527.63,532.03,532.03,561.3,363899,193648852.85,22-JAN-2024,2028,INE77908401011
EASTPOWER,EQ,530.08,539.86,522.87,532.62,532.62,532.03,582101,309551610.12,23-JAN-2024,3240,INE77908401011
EASTPOWER,EQ,533.79,540.59,526.73,533.52,533.52,532.62,297020,158493832.27,24-JAN-2024,1657,INE77908401011
EASTPOWER,EQ,522.81,526.16,520.34,523.69,523.69,533.52,437382,228924280.86,25-JAN-2024,2436,INE77908401011
EASTPOWER,EQ,546.27,555.26,534.78,543.73,543.73,523.69,447496,243701846.64,26-JAN-2024,2493,INE77908401011
EASTPOWER,EQ,526.02,532.74,516.87,523.55,523.55,543.73,427208,224022179.09,29-JAN-2024,2380,INE77908401011
EASTPOWER,EQ,517.53,521.99,509.83,514.27,514.27,523.55,146557,75530104.04,30-JAN-2024,821,INE77908401011
EASTPOWER,EQ,543.0,547.45,536.52,540.95,540.95,514.27,777807,421291383.48,31-JAN-2024,4328,INE77908401011
EASTPOWER,EQ,538.64,544.5,534.91,540.75,540.75,540.95,161766,87362267.52,01-FEB-2024,905,INE77908401011
EASTPOWER,EQ,548.94,552.62,546.2,549.87,549.87,540.75,1188097,652934547.64,02-FEB-2024,6607,INE77908401011
EASTPOWER,EQ,571.92,579.53,562.07,569.65,569.65,549.87,570449,325393617.08,05-FEB-2024,3176,INE77908401011
EASTPOWER,EQ,558.49,568.47,550.74,560.68,560.68,569.65,861639,482486246.57,06-FEB-2024,4793,INE77908401011
EASTPOWER,EQ,584.64,592.29,573.9,581.51,581.51,560.68,454205,264604692.83,07-FEB-2024,2530,INE77908401011
EASTPOWER,EQ,582.59,588.54,575.27,581.21,581.21,581.51,295172,171693681.15,08-FEB-2024,1646,INE77908401011
EASTPOWER,EQ,603.42,607.35,597.63,601.55,601.55,581.21,430561,259273787.78,09-FEB-2024,2399,INE77908401011
EASTPOWER,EQ,596.83,598.13,595.43,596.73,596.73,601.55,809650,483169432.83,12-FEB-2024,4505,INE77908401011
EASTPOWER,EQ,612.65,622.89,602.81,613.05,613.05,596.73,554876,340092748.33,13-FEB-2024,3089,INE77908401011
EASTPOWER,EQ,600.42,606.41,594.54,600.53,600.53,613.05,571911,343428742.76,14-FEB-2024,3184,INE77908401011
EASTPOWER,EQ,614.15,627.22,595.93,608.89,608.89,600.53,1332562,813768962.16,15-FEB-2024,7410,INE77908401011
EASTPOWER,EQ,597.07,601.45,592.47,596.85,596.85,608.89,359658,214688252.22,16-FEB-2024,2005,INE77908401011
EASTPOWER,EQ,601.97,608.58,595.18,601.78,601.78,596.85,421057,253411751.93,19-FEB-2024,2346,INE77908401011
EASTPOWER,EQ,590.32,596.02,583.35,589.04,589.04,601.78,229413,135232081.11,20-FEB-2024,1281,INE77908401011
EASTPOWER,EQ,605.4,610.01,598.78,603.37,603.37,589.04,1184302,715381570.77,21-FEB-2024,6586,INE77908401011
EASTPOWER,EQ,596.57,602.1,592.81,598.34,598.34,603.37,610707,365050109.25,22-FEB-2024,3399,INE77908401011
EASTPOWER,EQ,580.61,583.47,578.49,581.34,581.34,598.34,746598,433848097.8,23-FEB-2024,4154,INE77908401011
EASTPOWER,EQ,587.01,594.81,577.79,585.57,585.57,581.34,702466,411684882.41,26-FEB-2024,3909,INE77908401011
EASTPOWER,EQ,602.7,604.32,599.63,601.25,601.25,585.57,990018,595726831.2,27-FEB-2024,5507,INE77908401011
EASTPOWER,EQ,617.35,623.55,610.93,617.14,617.14,601.25,742629,458355569.66,28-FEB-2024,4132,INE77908401011
EASTPOWER,EQ,603.71,608.58,596.12,600.98,600.98,617.14,948210,570721277.6,29-FEB-2024,5274,INE77908401011
EASTPOWER,EQ,601.42,608.51,597.09,604.16,604.16,600.98,270177,162985175.84,01-MAR-2024,1507,INE77908401011
EASTPOWER,EQ,621.23,622.73,617.22,618.71,618.71,604.16,382463,236956226.53,04-MAR-2024,2131,INE77908401011
EASTPOWER,EQ,590.6,603.58,578.65,591.6,591.6,618.71,766176,453021991.36,05-MAR-2024,4263,INE77908401011
EASTPOWER,EQ,632.71,640.97,622.87,631.11,631.11,591.6,1021750,645388387.5,06-MAR-2024,5683,INE77908401011
EASTPOWER,EQ,637.31,642.71,633.47,638.86,638.86,631.11,1671079,1066727709.39,07-MAR-2024,9290,INE77908401011
EASTPOWER,EQ,640.34,641.69,638.2,639.55,639.55,638.86,706996,452345467.41,08-MAR-2024,3934,INE77908401011
EASTPOWER,EQ,659.91,666.73,653.97,660.78,660.78,639.55,1529619,1010303152.04,11-MAR-2024,8504,INE77908401011
EASTPOWER,EQ,668.64,674.34,662.2,667.89,667.89,660.78,377313,252099165.53,12-MAR-2024,2103,INE77908401011
EASTPOWER,EQ,664.06,668.53,660.38,664.84,664.84,667.89,566551,376520352.08,13-MAR-2024,3154,INE77908401011
EASTPOWER,EQ,650.93,655.97,639.77,644.76,644.76,664.84,615582,398178957.0,14-MAR-2024,3426,INE77908401011
EASTPOWER,EQ,647.64,656.73,643.65,652.71,652.71,644.76,762714,496549695.42,15-MAR-2024,4244,INE77908401011
EASTPOWER,EQ,635.65,642.61,631.98,638.92,638.92,652.71,419153,267351152.34,18-MAR-2024,2335,INE77908401011
EASTPOWER,EQ,658.6,664.58,650.16,656.12,656.12,638.92,581667,382128074.54,19-MAR-2024,3238,INE77908401011
EASTPOWER,EQ,659.32,671.66,646.32,658.64,658.64,656.12,309454,203890988.49,20-MAR-2024,1726,INE77908401011
EASTPOWER,EQ,647.34,650.11,645.04,647.81,647.81,658.64,301272,195119815.04,21-MAR-2024,1680,INE77908401011
EASTPOWER,EQ,676.99,688.32,671.16,682.45,682.45,647.81,507853,345666758.76,22-MAR-2024,2828,INE77908401011
EASTPOWER,EQ,702.0,711.81,691.23,701.03,701.03,682.45,98186,68863405.67,25-MAR-2024,552,INE77908401011
EASTPOWER,EQ,690.23,694.28,688.45,692.49,692.49,701.03,624416,431933523.84,26-MAR-2024,3475,INE77908401011
EASTPOWER,EQ,700.73,710.59,689.7,699.55,699.55,692.49,322908,226018378.24,27-MAR-2024,1800,INE77908401011
EASTPOWER,EQ,724.21,725.79,717.7,719.26,719.26,699.55,226188,163062699.0,28-MAR-2024,1263,INE77908401011
EASTPOWER,EQ,700.25,716.24,684.83,700.81,700.81,719.26,272680,191046879.47,29-MAR-2024,1521,INE77908401011
EASTPOWER,EQ,692.21,702.19,684.47,694.43,694.43,700.81,991076,687506117.61,01-APR-2024,5512,INE77908401011
EASTPOWER,EQ,708.49,712.89,706.63,711.02,711.02,694.43,484949,344401080.82,02-APR-2024,2701,INE77908401011
EASTPOWER,EQ,679.94,694.59,666.76,681.39,681.39,711.02,1114665,758990260.7,03-APR-2024,6199,INE77908401011
EASTPOWER,EQ,649.36,651.05,641.42,643.09,643.09,681.39,230755,148880049.27,04-APR-2024,1288,INE77908401011
EASTPOWER,EQ,640.82,651.28,632.78,643.21,643.21,643.09,259672,166819351.81,05-APR-2024,1449,INE77908401011
EASTPOWER,EQ,622.58,630.64,614.27,622.33,622.33,643.21,686198,427098784.51,08-APR-2024,3819,INE77908401011
EASTPOWER,EQ,620.92,623.94,613.35,616.35,616.35,622.33,417844,258177450.72,09-APR-2024,2328,INE77908401011
EASTPOWER,EQ,609.77,625.11,596.67,611.96,611.96,616.35,497812,304285925.63,10-APR-2024,2772,INE77908401011
EASTPOWER,EQ,612.04,630.09,593.54,611.57,611.57,611.96,263824,161389934.93,11-APR-2024,1472,INE77908401011
EASTPOWER,EQ,617.12,621.72,613.2,617.8,617.8,611.57,564192,348429934.08,12-APR-2024,3141,INE77908401011
EASTPOWER,EQ,652.01,665.17,639.29,652.44,652.44,617.8,1116048,727998110.4,15-APR-2024,6207,INE77908401011
EASTPOWER,EQ,618.37,627.31,611.49,620.41,620.41,652.44,392915,243503832.38,16-APR-2024,2189,INE77908401011
EASTPOWER,EQ,636.34,644.41,630.38,638.43,638.43,620.41,161344,102895522.56,17-APR-2024,903,INE77908401011
EASTPOWER,EQ,619.31,623.27,616.98,620.93,620.93,638.43,893733,554465994.98,18-APR-2024,4972,INE77908401011
EASTPOWER,EQ,615.25,623.79,607.05,615.59,615.59,620.93,229623,141327598.63,19-APR-2024,1282,INE77908401011
EASTPOWER,EQ,585.93,598.2,575.56,587.79,587.79,615.59,832720,488959305.33,22-APR-2024,4633,INE77908401011
EASTPOWER,EQ,574.28,577.75,566.58,570.02,570.02,587.79,329856,188496211.2,23-APR-2024,1839,INE77908401011
EASTPOWER,EQ,561.01,564.93,556.75,560.66,560.66,570.02,426020,238903495.6,24-APR-2024,2373,INE77908401011
EASTPOWER,EQ,554.58,559.05,551.2,555.66,555.66,560.66,1081973,600823213.48,25-APR-2024,6017,INE77908401011
EASTPOWER,EQ,559.72,560.93,556.98,558.2,558.2,555.66,1121483,626576290.38,26-APR-2024,6237,INE77908401011
EASTPOWER,EQ,542.63,549.13,538.59,545.06,545.06,558.2,326550,177728103.0,29-APR-2024,1821,INE77908401011
EASTPOWER,EQ,526.38,543.3,514.13,530.94,530.94,545.06,347967,184233447.93,30-APR-2024,1940,INE77908401011
EASTPOWER,EQ,566.53,571.73,558.34,563.5,563.5,530.94,350755,198009381.78,01-MAY-2024,1955,INE77908401011
EASTPOWER,EQ,556.55,567.31,544.98,555.71,555.71,563.5,194683,108243748.0,02-MAY-2024,1088,INE77908401011
EASTPOWER,EQ,579.67,587.57,571.28,579.17,579.17,555.71,353949,205056813.66,03-MAY-2024,1973,INE77908401011
EASTPOWER,EQ,554.49,558.34,546.06,549.88,549.88,579.17,525901,289995835.43,06-MAY-2024,2928,INE77908401011
EASTPOWER,EQ,562.18,565.18,560.22,563.21,563.21,549.88,844068,475100555.16,07-MAY-2024,4696,INE77908401011
EASTPOWER,EQ,554.96,564.98,541.03,550.98,550.98,563.21,528930,292143906.9,08-MAY-2024,2945,INE77908401011
EASTPOWER,EQ,563.48,567.07,562.3,565.89,565.89,550.98,828947,468426897.07,09-MAY-2024,4612,INE77908401011
EASTPOWER,EQ,563.49,570.68,559.64,566.8,566.8,565.89,756481,427946344.91,10-MAY-2024,4209,INE77908401011
EASTPOWER,EQ,583.61,586.78,577.97,581.13,581.13,566.8,374335,217847996.6,13-MAY-2024,2086,INE77908401011
EASTPOWER,EQ,595.2,603.76,586.74,595.3,595.3,581.13,348562,207487339.87,14-MAY-2024,1943,INE77908401011
EASTPOWER,EQ,579.14,584.85,575.85,581.55,581.55,595.3,616690,358142717.5,15-MAY-2024,3433,INE77908401011
EASTPOWER,EQ,613.41,619.54,608.69,614.81,614.81,581.55,1123362,690133700.16,16-MAY-2024,6247,INE77908401011
EASTPOWER,EQ,614.48,629.34,593.35,608.05,608.05,614.81,1152963,703591827.54,17-MAY-2024,6412,INE77908401011
EASTPOWER,EQ,593.36,603.81,584.87,595.29,595.29,608.05,603509,358880650.24,20-MAY-2024,3359,INE77908401011
EASTPOWER,EQ,562.37,574.39,546.0,557.92,557.92,595.29,976111,546072284.14,21-MAY-2024,5429,INE77908401011
EASTPOWER,EQ,561.39,569.54,557.81,565.93,565.93,557.92,459126,259142957.76,22-MAY-2024,2557,INE77908401011
EASTPOWER,EQ,567.0,573.13,562.51,568.63,568.63,565.93,513623,291784090.07,23-MAY-2024,2860,INE77908401011
EASTPOWER,EQ,579.35,581.91,576.95,579.51,579.51,568.63,992592,575164051.68,24-MAY-2024,5521,INE77908401011
EASTPOWER,EQ,598.84,601.71,591.67,594.52,594.52,579.51,1473661,878252833.97,27-MAY-2024,8194,INE77908401011
EASTPOWER,EQ,611.43,618.78,606.53,613.86,613.86,594.52,490107,300463363.73,28-MAY-2024,2729,INE77908401011
EASTPOWER,EQ,632.92,640.68,623.05,630.79,630.79,613.86,572510,361543881.73,29-MAY-2024,3187,INE77908401011
EASTPOWER,EQ,620.68,629.48,610.25,619.03,619.03,630.79,828630,513408099.6,30-MAY-2024,4610,INE77908401011
EASTPOWER,EQ,609.27,613.91,607.04,611.67,611.67,619.03,371009,226639504.53,31-MAY-2024,2068,INE77908401011
EASTPOWER,EQ,597.15,608.61,583.55,594.97,594.97,611.67,342703,204151604.13,03-JUN-2024,1910,INE77908401011
EASTPOWER,EQ,616.5,622.72,608.95,615.15,615.15,594.97,695392,428087951.15,04-JUN-2024,3870,INE77908401011
EASTPOWER,EQ,609.72,618.51,605.9,614.66,614.66,615.15,1153525,707137740.58,05-JUN-2024,6415,INE77908401011
EASTPOWER,EQ,592.65,603.07,585.04,595.43,595.43,614.66,910211,541132575.65,06-JUN-2024,5063,INE77908401011
EASTPOWER,EQ,607.1,609.92,600.32,603.12,603.12,595.43,1352252,817373228.91,07-JUN-2024,7519,INE77908401011
EASTPOWER,EQ,583.0,592.18,575.35,584.5,584.5,603.12,363600,212346036.0,10-JUN-2024,2027,INE77908401011
EASTPOWER,EQ,574.38,584.21,565.51,575.32,575.32,584.5,467662,268911885.49,11-JUN-2024,2605,INE77908401011
EASTPOWER,EQ,558.08,565.16,552.09,559.17,559.17,575.32,835059,466636536.26,12-JUN-2024,4646,INE77908401011
EASTPOWER,EQ,580.0,583.38,576.29,579.67,579.67,559.17,588082,340958181.96,13-JUN-2024,3274,INE77908401011
EASTPOWER,EQ,604.45,614.23,593.45,603.21,603.21,579.67,399790,241325237.7,14-JUN-2024,2228,INE77908401011
EASTPOWER,EQ,589.71,601.18,579.53,590.97,590.97,603.21,397479,234735198.24,17-JUN-2024,2215,INE77908401011
EASTPOWER,EQ,597.21,598.98,595.08,596.85,596.85,590.97,263500,157301595.0,18-JUN-2024,1470,INE77908401011
EASTPOWER,EQ,571.85,578.21,570.54,576.89,576.89,596.85,557036,320414534.35,19-JUN-2024,3101,INE77908401011
EASTPOWER,EQ,570.43,574.46,567.53,571.56,571.56,576.89,493214,281715616.57,20-JUN-2024,2747,INE77908401011
EASTPOWER,EQ,551.64,555.63,544.94,548.91,548.91,571.56,635288,349298283.41,21-JUN-2024,3536,INE77908401011
EASTPOWER,EQ,565.2,571.93,558.16,564.89,564.89,548.91,853115,482004287.57,24-JUN-2024,4746,INE77908401011
EASTPOWER,EQ,572.11,575.07,570.12,573.09,573.09,564.89,572967,328172578.92,25-JUN-2024,3190,INE77908401011
EASTPOWER,EQ,555.87,569.2,543.44,556.76,556.76,573.09,1201991,668867925.13,26-JUN-2024,6684,INE77908401011
EASTPOWER,EQ,561.38,565.32,553.7,557.62,557.62,556.76,753889,421333484.32,27-JUN-2024,4195,INE77908401011
EASTPOWER,EQ,559.27,563.96,553.88,558.56,558.56,557.62,119345,66689986.0,28-JUN-2024,670,INE77908401011
EASTPOWER,EQ,563.6,565.2,561.08,562.67,562.67,558.56,446500,251372058.33,01-JUL-2024,2487,INE77908401011
EASTPOWER,EQ,556.01,573.13,542.13,559.17,559.17,562.67,694043,387375473.5,02-JUL-2024,3862,INE77908401011
EASTPOWER,EQ,548.67,553.24,542.14,546.69,546.69,559.17,227523,124536230.87,03-JUL-2024,1271,INE77908401011
EASTPOWER,EQ,547.61,552.73,541.85,546.97,546.97,546.69,1002989,548818864.32,04-JUL-2024,5579,INE77908401011
EASTPOWER,EQ,529.95,535.28,522.09,527.4,527.4,546.97,504192,266342785.28,05-JUL-2024,2808,INE77908401011
EASTPOWER,EQ,513.03,523.58,507.18,517.67,517.67,527.4,806203,416116303.76,08-JUL-2024,4485,INE77908401011
EASTPOWER,EQ,512.48,518.18,506.32,512.01,512.01,517.67,453586,232313141.62,09-JUL-2024,2526,INE77908401011
EASTPOWER,EQ,523.79,528.52,518.94,523.67,523.67,512.01,475673,249114706.83,10-JUL-2024,2649,INE77908401011
EASTPOWER,EQ,516.15,519.38,513.78,517.01,517.01,523.67,752758,388967622.95,11-JUL-2024,4188,INE77908401011
EASTPOWER,EQ,544.51,550.83,538.21,544.52,544.52,517.01,251696,137053505.92,12-JUL-2024,1405,INE77908401011
EASTPOWER,EQ,536.57,547.14,523.73,534.26,534.26,544.52,673577,360392883.34,15-JUL-2024,3749,INE77908401011
EASTPOWER,EQ,506.92,514.43,497.53,505.01,505.01,534.26,333409,168590483.58,16-JUL-2024,1859,INE77908401011
EASTPOWER,EQ,505.83,513.58,497.35,505.09,505.09,505.01,978107,494276591.38,17-JUL-2024,5440,INE77908401011
EASTPOWER,EQ,483.56,490.79,471.84,479.0,479.0,505.09,561107,269636228.14,18-JUL-2024,3124,INE77908401011
EASTPOWER,EQ,480.06,483.18,476.11,479.23,479.23,479.0,266397,127739137.48,19-JUL-2024,1486,INE77908401011
EASTPOWER,EQ,498.51,504.82,487.56,493.81,493.81,479.23,747869,370491809.7,22-JUL-2024,4161,INE77908401011
EASTPOWER,EQ,494.58,499.34,490.48,495.23,495.23,493.81,204159,101062107.65,23-JUL-2024,1141,INE77908401011
EASTPOWER,EQ,491.16,497.71,485.96,492.49,492.49,495.23,401423,197521525.23,24-JUL-2024,2237,INE77908401011
EASTPOWER,EQ,484.22,485.42,482.8,484.0,484.0,492.49,739429,357937860.79,25-JUL-2024,4114,INE77908401011
EASTPOWER,EQ,479.31,489.85,468.08,478.6,478.6,484.0,390141,186816416.91,26-JUL-2024,2174,INE77908401011
EASTPOWER,EQ,473.24,482.18,463.86,472.78,472.78,478.6,644720,304913876.8,29-JUL-2024,3588,INE77908401011
EASTPOWER,EQ,487.1,492.07,483.38,488.33,488.33,472.78,1264070,616773461.53,30-JUL-2024,7029,INE77908401011
EASTPOWER,EQ,490.01,493.0,486.09,489.08,489.08,488.33,690819,338079910.41,31-JUL-2024,3844,INE77908401011
EASTPOWER,EQ,481.52,489.13,476.64,484.22,484.22,489.08,611515,295563544.95,01-AUG-2024,3404,INE77908401011
EASTPOWER,EQ,495.97,508.82,483.17,496.02,496.02,484.22,728465,361321068.22,02-AUG-2024,4054,INE77908401011
EASTPOWER,EQ,515.76,518.35,513.8,516.39,516.39,496.02,518085,267425115.3,05-AUG-2024,2885,INE77908401011
EASTPOWER,EQ,506.57,511.54,502.94,507.9,507.9,516.39,410571,208348359.66,06-AUG-2024,2287,INE77908401011
EASTPOWER,EQ,522.54,530.35,512.01,519.79,519.79,507.9,1613223,840032103.15,07-AUG-2024,8969,INE77908401011
EASTPOWER,EQ,518.33,524.36,511.3,517.32,517.32,519.79,667221,345393622.86,08-AUG-2024,3713,INE77908401011
EASTPOWER,EQ,522.5,527.98,517.64,523.12,523.12,517.32,316869,165695025.02,09-AUG-2024,1767,INE77908401011
EASTPOWER,EQ,535.41,542.48,531.33,538.38,538.38,523.12,435979,234293661.34,12-AUG-2024,2429,INE77908401011
EASTPOWER,EQ,540.0,557.43,522.59,540.02,540.02,538.38,822204,444001122.72,13-AUG-2024,4574,INE77908401011
EASTPOWER,EQ,549.8,554.77,543.77,548.73,548.73,540.02,994929,546305564.61,14-AUG-2024,5534,INE77908401011
EASTPOWER,EQ,559.37,565.15,555.19,560.96,560.96,548.73,981774,550218875.4,15-AUG-2024,5461,INE77908401011
EASTPOWER,EQ,572.72,583.41,560.27,570.92,570.92,560.96,263079,150358417.8,16-AUG-2024,1468,INE77908401011
EASTPOWER,EQ,558.98,573.84,546.71,561.52,561.52,570.92,1019690,571729986.1,19-AUG-2024,5671,INE77908401011
EASTPOWER,EQ,570.58,582.39,563.75,575.5,575.5,561.52,782352,448976165.76,20-AUG-2024,4353,INE77908401011
EASTPOWER,EQ,581.16,589.67,569.2,577.66,577.66,575.5,2067675,1196859889.25,21-AUG-2024,11494,INE77908401011
EASTPOWER,EQ,613.12,621.33,602.27,610.45,610.45,577.66,795420,486280017.0,22-AUG-2024,4426,INE77908401011
EASTPOWER,EQ,615.4,622.42,608.31,615.33,615.33,610.45,341920,210401611.73,23-AUG-2024,1906,INE77908401011
EASTPOWER,EQ,617.63,621.25,608.49,612.08,612.08,615.33,597405,366770825.7,26-AUG-2024,3325,INE77908401011
EASTPOWER,EQ,601.02,613.76,593.25,605.94,605.94,612.08,575451,347754630.15,27-AUG-2024,3203,INE77908401011
EASTPOWER,EQ,618.53,620.77,615.58,617.82,617.82,605.94,329692,203768338.55,28-AUG-2024,1838,INE77908401011
EASTPOWER,EQ,604.76,617.55,591.47,604.25,604.25,617.82,604976,365661610.51,29-AUG-2024,3367,INE77908401011
EASTPOWER,EQ,585.27,592.8,577.33,584.86,584.86,604.25,535247,313117710.84,30-AUG-2024,2980,INE77908401011
EASTPOWER,EQ,566.07,575.78,555.28,564.97,564.97,584.86,514757,291014438.24,02-SEP-2024,2866,INE77908401011
EASTPOWER,EQ,541.37,547.91,533.36,539.88,539.88,564.97,400071,216191700.55,03-SEP-2024,2229,INE77908401011
EASTPOWER,EQ,552.83,558.4,545.41,550.96,550.96,539.88,1186715,654580126.85,04-SEP-2024,6599,INE77908401011
EASTPOWER,EQ,555.43,561.16,548.77,554.49,554.49,550.96,646141,358483334.41,05-SEP-2024,3596,INE77908401011
EASTPOWER,EQ,569.84,576.2,566.44,572.78,572.78,554.49,174828,99967815.92,06-SEP-2024,978,INE77908401011
EASTPOWER,EQ,576.05,577.7,573.99,575.64,575.64,572.78,607051,349525801.28,09-SEP-2024,3379,INE77908401011
EASTPOWER,EQ,609.46,612.7,606.16,609.4,609.4,575.64,1464159,892287777.78,10-SEP-2024,8141,INE77908401011
EASTPOWER,EQ,592.27,599.4,586.49,593.6,593.6,609.4,346138,205316369.87,11-SEP-2024,1929,INE77908401011
EASTPOWER,EQ,631.03,641.46,618.9,629.3,629.3,593.6,459427,289386941.61,12-SEP-2024,2559,INE77908401011
EASTPOWER,EQ,607.38,613.47,598.85,604.91,604.91,629.3,713526,432213617.66,13-SEP-2024,3971,INE77908401011
EASTPOWER,EQ,628.22,637.08,617.79,626.63,626.63,604.91,405001,254003127.17,16-SEP-2024,2257,INE77908401011
EASTPOWER,EQ,616.41,621.83,613.59,618.99,618.99,626.63,372604,230320194.55,17-SEP-2024,2077,INE77908401011
EASTPOWER,EQ,590.5,596.64,586.91,593.04,593.04,618.99,518331,306953890.43,18-SEP-2024,2886,INE77908401011
EASTPOWER,EQ,608.93,614.84,605.71,611.61,611.61,593.04,822928,502578588.16,19-SEP-2024,4578,INE77908401011
EASTPOWER,EQ,626.69,638.14,616.65,628.08,628.08,611.61,473382,297105588.78,20-SEP-2024,2636,INE77908401011
EASTPOWER,EQ,618.97,626.58,610.01,617.61,617.61,628.08,663545,410115046.33,23-SEP-2024,3693,INE77908401011
EASTPOWER,EQ,642.41,644.75,638.29,640.62,640.62,617.61,514626,329988483.72,24-SEP-2024,2866,INE77908401011
EASTPOWER,EQ,636.73,643.36,626.94,633.54,633.54,640.62,298290,189298811.2,25-SEP-2024,1664,INE77908401011
EASTPOWER,EQ,659.4,669.64,644.0,654.16,654.16,633.54,994613,652399820.47,26-SEP-2024,5532,INE77908401011
EASTPOWER,EQ,663.11,670.61,659.42,666.91,666.91,654.16,262962,175039778.76,27-SEP-2024,1467,INE77908401011
EASTPOWER,EQ,672.01,684.91,659.68,672.56,672.56,666.91,413398,277961925.23,30-SEP-2024,2303,INE77908401011
EASTPOWER,EQ,691.31,693.83,689.37,691.88,691.88,672.56,334313,231242073.35,01-OCT-2024,1864,INE77908401011
EASTPOWER,EQ,675.49,697.37,656.57,678.37,678.37,691.88,440642,298507047.67,02-OCT-2024,2455,INE77908401011
EASTPOWER,EQ,682.31,690.48,673.79,681.96,681.96,678.37,1087499,741757692.92,03-OCT-2024,6048,INE77908401011
EASTPOWER,EQ,694.55,699.61,689.5,694.56,694.56,681.96,624301,433612421.56,04-OCT-2024,3475,INE77908401011
EASTPOWER,EQ,668.74,680.07,657.19,668.52,668.52,694.56,510615,341393784.9,07-OCT-2024,2843,INE77908401011
EASTPOWER,EQ,687.06,694.07,676.59,683.57,683.57,668.52,261805,179269228.38,08-OCT-2024,1461,INE77908401011
EASTPOWER,EQ,683.72,689.75,674.83,680.84,680.84,683.57,201039,137069730.46,09-OCT-2024,1123,INE77908401011
EASTPOWER,EQ,675.77,679.21,669.31,672.74,672.74,680.84,454030,305904225.93,10-OCT-2024,2529,INE77908401011
EASTPOWER,EQ,645.73,647.84,641.13,643.22,643.22,672.74,966986,622800226.45,11-OCT-2024,5379,INE77908401011
EASTPOWER,EQ,680.62,683.85,678.32,681.55,681.55,643.22,643108,438110893.92,14-OCT-2024,3579,INE77908401011
EASTPOWER,EQ,657.42,665.51,652.58,660.64,660.64,681.55,561700,370484213.67,15-OCT-2024,3127,INE77908401011
EASTPOWER,EQ,675.76,681.73,671.41,677.37,677.37,660.64,822092,556422008.97,16-OCT-2024,4574,INE77908401011
EASTPOWER,EQ,643.48,647.13,638.97,642.62,642.62,677.37,335952,215985780.48,17-OCT-2024,1873,INE77908401011
EASTPOWER,EQ,611.73,626.34,600.38,614.93,614.93,642.62,644306,395528714.97,18-OCT-2024,3586,INE77908401011
EASTPOWER,EQ,622.38,627.35,613.4,618.33,618.33,614.93,330165,204601049.4,21-OCT-2024,1841,INE77908401011
EASTPOWER,EQ,570.81,576.27,567.02,572.47,572.47,618.33,1092365,624745390.8,22-OCT-2024,6075,INE77908401011
EASTPOWER,EQ,556.19,569.07,543.59,556.46,556.46,572.47,412269,229375477.76,23-OCT-2024,2297,INE77908401011
EASTPOWER,EQ,603.75,609.9,599.56,605.7,605.7,556.46,573136,346777847.25,24-OCT-2024,3191,INE77908401011
EASTPOWER,EQ,614.32,621.62,608.69,615.97,615.97,605.7,658778,405429548.61,25-OCT-2024,3666,INE77908401011
EASTPOWER,EQ,611.59,619.06,608.57,616.02,616.02,615.97,986291,606125134.05,28-OCT-2024,5486,INE77908401011
EASTPOWER,EQ,616.19,630.39,603.59,617.76,617.76,616.02,646350,398957383.0,29-OCT-2024,3597,INE77908401011
EASTPOWER,EQ,603.86,614.51,590.03,600.63,600.63,617.76,529669,318714196.24,30-OCT-2024,2949,INE77908401011
EASTPOWER,EQ,597.54,606.52,590.45,599.41,599.41,600.63,739429,442765155.67,31-OCT-2024,4114,INE77908401011
EASTPOWER,EQ,608.76,615.99,598.72,605.92,605.92,599.41,236265,143383715.65,01-NOV-2024,1319,INE77908401011
EASTPOWER,EQ,611.0,617.17,601.59,607.73,607.73,605.92,166811,101559541.13,04-NOV-2024,933,INE77908401011
EASTPOWER,EQ,596.36,601.14,594.33,599.1,599.1,607.73,534812,319919190.28,05-NOV-2024,2978,INE77908401011
EASTPOWER,EQ,570.45,589.0,554.16,572.65,572.65,599.1,201232,115091959.31,06-NOV-2024,1124,INE77908401011
EASTPOWER,EQ,564.47,570.7,556.91,563.12,563.12,572.65,353503,199226042.4,07-NOV-2024,1970,INE77908401011
EASTPOWER,EQ,562.7,567.68,555.48,560.43,560.43,563.12,758294,425552065.15,08-NOV-2024,4219,INE77908401011
EASTPOWER,EQ,570.92,572.92,565.97,567.97,567.97,560.43,382661,217716251.49,11-NOV-2024,2132,INE77908401011
EASTPOWER,EQ,578.73,585.52,575.61,582.38,582.38,567.97,474683,275871519.11,12-NOV-2024,2644,INE77908401011
EASTPOWER,EQ,554.87,563.92,545.57,554.62,554.62,582.38,854319,473893597.03,13-NOV-2024,4753,INE77908401011
EASTPOWER,EQ,572.92,579.23,566.95,573.26,573.26,554.62,517582,296650398.03,14-NOV-2024,2882,INE77908401011
EASTPOWER,EQ,556.78,561.88,551.37,556.46,556.46,573.26,257557,143348499.49,15-NOV-2024,1437,INE77908401011
EASTPOWER,EQ,563.42,568.62,558.82,564.01,564.01,556.46,583448,328957706.53,18-NOV-2024,3248,INE77908401011
EASTPOWER,EQ,579.87,594.24,569.55,583.86,583.86,564.01,288995,168354037.25,19-NOV-2024,1612,INE77908401011
EASTPOWER,EQ,595.36,608.1,580.2,592.89,592.89,583.86,442193,262543249.89,20-NOV-2024,2463,INE77908401011
EASTPOWER,EQ,559.78,562.88,558.36,561.46,561.46,592.89,641909,360046758.1,21-NOV-2024,3573,INE77908401011
EASTPOWER,EQ,574.46,584.95,563.1,573.57,573.57,561.46,306981,176168209.74,22-NOV-2024,1712,INE77908401011
EASTPOWER,EQ,584.4,593.62,576.87,586.06,586.06,573.57,485710,284391300.17,25-NOV-2024,2705,INE77908401011
EASTPOWER,EQ,593.8,598.7,588.45,593.34,593.34,586.06,374911,222508428.8,26-NOV-2024,2089,INE77908401011
EASTPOWER,EQ,577.52,591.94,568.41,582.75,582.75,593.34,252056,146452937.87,27-NOV-2024,1407,INE77908401011
EASTPOWER,EQ,599.58,609.13,589.1,598.64,598.64,582.75,767457,459673486.53,28-NOV-2024,4270,INE77908401011
EASTPOWER,EQ,585.77,591.39,584.5,590.1,590.1,598.64,1265112,744725046.96,29-NOV-2024,7035,INE77908401011
EASTPOWER,EQ,593.71,597.32,590.46,594.06,594.06,590.1,286132,169947147.63,02-DEC-2024,1596,INE77908401011
EASTPOWER,EQ,605.61,606.85,603.59,604.84,604.84,594.06,562149,340152612.24,03-DEC-2024,3130,INE77908401011
EASTPOWER,EQ,613.88,631.87,592.65,610.54,610.54,604.84,420416,257162861.65,04-DEC-2024,2342,INE77908401011
EASTPOWER,EQ,590.97,598.74,581.82,589.57,589.57,610.54,160276,94569785.29,05-DEC-2024,897,INE77908401011
EASTPOWER,EQ,584.1,587.63,578.94,582.45,582.45,589.57,1866581,1088229166.87,06-DEC-2024,10376,INE77908401011
EASTPOWER,EQ,581.51,589.32,571.2,578.98,578.98,582.45,914789,530425155.17,09-DEC-2024,5089,INE77908401011
EASTPOWER,EQ,575.92,583.37,570.92,578.34,578.34,578.98,1238581,715334199.34,10-DEC-2024,6888,INE77908401011
EASTPOWER,EQ,547.52,560.37,537.96,550.75,550.75,578.34,214687,118012012.65,11-DEC-2024,1199,INE77908401011
EASTPOWER,EQ,542.34,547.82,537.9,543.38,543.38,550.75,292935,159073469.5,12-DEC-2024,1634,INE77908401011
EASTPOWER,EQ,531.24,542.02,523.48,534.21,534.21,543.38,466027,248502684.06,13-DEC-2024,2596,INE77908401011
EASTPOWER,EQ,530.02,536.65,521.56,528.17,528.17,534.21,218715,115655033.9,16-DEC-2024,1222,INE77908401011
EASTPOWER,EQ,517.73,526.32,511.27,519.83,519.83,528.17,966416,501705202.24,17-DEC-2024,5375,INE77908401011
EASTPOWER,EQ,504.63,510.75,497.01,503.11,503.11,519.83,321685,162008071.98,18-DEC-2024,1794,INE77908401011
EASTPOWER,EQ,506.62,510.41,501.13,504.92,504.92,503.11,422516,213576204.45,19-DEC-2024,2354,INE77908401011
EASTPOWER,EQ,508.05,509.94,502.52,504.4,504.4,504.92,446689,225854892.18,20-DEC-2024,2488,INE77908401011
EASTPOWER,EQ,489.48,497.61,482.78,490.89,490.89,504.4,444869,218175620.77,23-DEC-2024,2478,INE77908401011
EASTPOWER,EQ,472.72,477.4,470.51,475.17,475.17,490.89,772849,366608651.64,24-DEC-2024,4300,INE77908401011
EASTPOWER,EQ,491.16,492.46,489.85,491.16,491.16,475.17,579338,284545720.95,25-DEC-2024,3225,INE77908401011
EASTPOWER,EQ,475.84,484.95,470.46,479.53,479.53,491.16,1008806,482525360.55,26-DEC-2024,5611,INE77908401011
EASTPOWER,EQ,455.93,469.43,442.69,456.19,456.19,479.53,1548607,706324814.72,27-DEC-2024,8610,INE77908401011
